gameId,nationality,teamId,shortCode,ID,AS,BS,DR,OR,REB,FD,FG2A,FG2M,FG2P,FG3A,FG3M,FG3P,FGA,FGM,FGP,FTA,FTM,FTP,FGIA,FGIM,FGIP,PF,PTS,ST,TO,10+ ppg,MP,opp_gameId,opp_nationality,opp_teamId,opp_shortCode,opp_ID,opp_AS,opp_BS,opp_DR,opp_OR,opp_REB,opp_FD,opp_FG2A,opp_FG2M,opp_FG2P,opp_FG3A,opp_FG3M,opp_FG3P,opp_FGA,opp_FGM,opp_FGP,opp_FTA,opp_FTM,opp_FTP,opp_FGIA,opp_FGIM,opp_FGIP,opp_PF,opp_PTS,opp_ST,opp_TO,opp_10+ ppg,opp_MP
121423,Argentina,14,ARG,1,10,0,20,13,33,17,23,7,30.4,45,9,20.0,68,16,23.5,12,9,75.0,17,5,29.4,18,50,10,10,2,200.0,121423,Brazil,27,BRA,1,17,4,40,16,56,17,37,20,54.1,26,8,30.8,63,28,44.4,11,7,63.6,24,16,66.7,18,71,2,17,3,200.0
121423,Brazil,27,BRA,2,17,4,40,16,56,17,37,20,54.1,26,8,30.8,63,28,44.4,11,7,63.6,24,16,66.7,18,71,2,17,3,200.0,121423,Argentina,14,ARG,2,10,0,20,13,33,17,23,7,30.4,45,9,20.0,68,16,23.5,12,9,75.0,17,5,29.4,18,50,10,10,2,200.0
121424,El Salvador,54,ESA,1,4,4,14,7,21,8,46,11,23.9,13,3,23.1,59,14,23.7,5,3,60.0,27,9,33.3,19,34,3,16,0,200.0,121424,Canada,34,CAN,1,29,3,40,26,66,19,34,18,52.9,36,13,36.1,70,31,44.3,29,25,86.2,27,15,55.6,8,100,7,11,3,200.0
121424,Canada,34,CAN,2,29,3,40,26,66,19,34,18,52.9,36,13,36.1,70,31,44.3,29,25,86.2,27,15,55.6,8,100,7,11,3,200.0,121424,El Salvador,54,ESA,2,4,4,14,7,21,8,46,11,23.9,13,3,23.1,59,14,23.7,5,3,60.0,27,9,33.3,19,34,3,16,0,200.0
121433,Colombia,40,COL,1,10,4,31,12,43,19,36,12,33.3,23,8,34.8,59,20,33.9,24,17,70.8,22,7,31.8,15,65,6,16,2,200.0,121433,Puerto Rico,125,PUR,1,15,2,27,15,42,15,36,14,38.9,36,11,30.6,72,25,34.7,12,7,58.3,26,11,42.3,19,68,10,10,3,200.0
121433,Puerto Rico,125,PUR,2,15,2,27,15,42,15,36,14,38.9,36,11,30.6,72,25,34.7,12,7,58.3,26,11,42.3,19,68,10,10,3,200.0,121433,Colombia,40,COL,2,10,4,31,12,43,19,36,12,33.3,23,8,34.8,59,20,33.9,24,17,70.8,22,7,31.8,15,65,6,16,2,200.0
121434,Chile,38,CHI,1,14,3,20,7,27,14,24,8,33.3,30,7,23.3,54,15,27.8,16,10,62.5,21,8,38.1,17,47,6,27,1,200.0,121434,USA,154,USA,1,21,3,31,21,52,17,61,34,55.7,17,7,41.2,78,41,52.6,27,19,70.4,52,33,63.5,14,108,20,12,5,200.0
121434,USA,154,USA,2,21,3,31,21,52,17,61,34,55.7,17,7,41.2,78,41,52.6,27,19,70.4,52,33,63.5,14,108,20,12,5,200.0,121434,Chile,38,CHI,2,14,3,20,7,27,14,24,8,33.3,30,7,23.3,54,15,27.8,16,10,62.5,21,8,38.1,17,47,6,27,1,200.0
121425,Dominican Republic,51,DOM,1,12,6,36,19,55,22,44,16,36.4,19,4,21.1,63,20,31.8,31,17,54.8,35,14,40.0,14,61,2,18,2,200.0,121425,El Salvador,54,ESA,1,11,0,30,14,44,14,52,16,30.8,18,5,27.8,70,21,30.0,16,12,75.0,38,14,36.8,22,59,9,10,3,200.0
121425,El Salvador,54,ESA,2,11,0,30,14,44,14,52,16,30.8,18,5,27.8,70,21,30.0,16,12,75.0,38,14,36.8,22,59,9,10,3,200.0,121425,Dominican Republic,51,DOM,2,12,6,36,19,55,22,44,16,36.4,19,4,21.1,63,20,31.8,31,17,54.8,35,14,40.0,14,61,2,18,2,200.0
121426,Canada,34,CAN,1,14,7,38,11,49,22,35,20,57.1,25,6,24.0,60,26,43.3,16,13,81.3,25,14,56.0,16,71,5,15,3,200.0,121426,Argentina,14,ARG,1,15,3,25,13,38,16,42,14,33.3,27,5,18.5,69,19,27.5,11,5,45.5,25,9,36.0,23,48,9,11,2,200.0
121426,Argentina,14,ARG,2,15,3,25,13,38,16,42,14,33.3,27,5,18.5,69,19,27.5,11,5,45.5,25,9,36.0,23,48,9,11,2,200.0,121426,Canada,34,CAN,2,14,7,38,11,49,22,35,20,57.1,25,6,24.0,60,26,43.3,16,13,81.3,25,14,56.0,16,71,5,15,3,200.0
121435,Mexico,104,MEX,1,16,3,29,13,42,21,45,19,42.2,18,5,27.8,63,24,38.1,27,23,85.2,39,18,46.2,13,76,7,10,4,200.0,121435,Chile,38,CHI,1,12,1,27,3,30,13,27,9,33.3,25,11,44.0,52,20,38.5,10,8,80.0,23,7,30.4,21,59,6,17,3,200.0
121435,Chile,38,CHI,2,12,1,27,3,30,13,27,9,33.3,25,11,44.0,52,20,38.5,10,8,80.0,23,7,30.4,21,59,6,17,3,200.0,121435,Mexico,104,MEX,2,16,3,29,13,42,21,45,19,42.2,18,5,27.8,63,24,38.1,27,23,85.2,39,18,46.2,13,76,7,10,4,200.0
121436,USA,154,USA,1,25,6,38,30,68,17,53,23,43.4,24,6,25.0,77,29,37.7,23,16,69.6,44,20,45.5,14,80,12,17,3,200.0,121436,Colombia,40,COL,1,6,8,20,12,32,14,38,9,23.7,24,5,20.8,62,14,22.6,16,10,62.5,21,5,23.8,17,43,7,15,1,200.0
121436,Colombia,40,COL,2,6,8,20,12,32,14,38,9,23.7,24,5,20.8,62,14,22.6,16,10,62.5,21,5,23.8,17,43,7,15,1,200.0,121436,USA,154,USA,2,25,6,38,30,68,17,53,23,43.4,24,6,25.0,77,29,37.7,23,16,69.6,44,20,45.5,14,80,12,17,3,200.0
121427,Argentina,14,ARG,1,18,3,29,26,55,20,29,13,44.8,44,11,25.0,73,24,32.9,16,8,50.0,21,8,38.1,23,67,8,17,2,200.0,121427,Dominican Republic,51,DOM,1,9,2,25,12,37,22,32,8,25.0,17,6,35.3,49,14,28.6,32,17,53.1,20,5,25.0,20,51,7,20,1,200.0
121427,Dominican Republic,51,DOM,2,9,2,25,12,37,22,32,8,25.0,17,6,35.3,49,14,28.6,32,17,53.1,20,5,25.0,20,51,7,20,1,200.0,121427,Argentina,14,ARG,2,18,3,29,26,55,20,29,13,44.8,44,11,25.0,73,24,32.9,16,8,50.0,21,8,38.1,23,67,8,17,2,200.0
121428,Brazil,27,BRA,1,23,6,36,11,47,23,40,16,40.0,18,6,33.3,58,22,37.9,30,24,80.0,31,15,48.4,17,74,8,18,3,200.0,121428,Canada,34,CAN,1,14,4,27,11,38,17,43,12,27.9,23,8,34.8,66,20,30.3,20,17,85.0,22,8,36.4,23,65,9,16,4,200.0
121428,Canada,34,CAN,2,14,4,27,11,38,17,43,12,27.9,23,8,34.8,66,20,30.3,20,17,85.0,22,8,36.4,23,65,9,16,4,200.0,121428,Brazil,27,BRA,2,23,6,36,11,47,23,40,16,40.0,18,6,33.3,58,22,37.9,30,24,80.0,31,15,48.4,17,74,8,18,3,200.0
121437,Colombia,40,COL,1,17,4,39,12,51,17,50,17,34.0,19,9,47.4,69,26,37.7,17,10,58.8,35,15,42.9,17,71,7,11,3,200.0,121437,Mexico,104,MEX,1,11,2,32,17,49,17,48,14,29.2,27,7,25.9,75,21,28.0,18,11,61.1,39,12,30.8,17,60,7,12,2,200.0
121437,Mexico,104,MEX,2,11,2,32,17,49,17,48,14,29.2,27,7,25.9,75,21,28.0,18,11,61.1,39,12,30.8,17,60,7,12,2,200.0,121437,Colombia,40,COL,2,17,4,39,12,51,17,50,17,34.0,19,9,47.4,69,26,37.7,17,10,58.8,35,15,42.9,17,71,7,11,3,200.0
121438,Puerto Rico,125,PUR,1,13,1,24,9,33,15,38,14,36.8,24,7,29.2,62,21,33.9,15,13,86.7,21,11,52.4,13,62,10,19,3,200.0,121438,USA,154,USA,1,27,5,32,11,43,13,38,20,52.6,22,8,36.4,60,28,46.7,22,16,72.7,29,16,55.2,15,80,14,19,2,200.0
121438,USA,154,USA,2,27,5,32,11,43,13,38,20,52.6,22,8,36.4,60,28,46.7,22,16,72.7,29,16,55.2,15,80,14,19,2,200.0,121438,Puerto Rico,125,PUR,2,13,1,24,9,33,15,38,14,36.8,24,7,29.2,62,21,33.9,15,13,86.7,21,11,52.4,13,62,10,19,3,200.0
121429,Dominican Republic,51,DOM,1,10,2,36,15,51,17,46,11,23.9,26,5,19.2,72,16,22.2,16,9,56.3,37,8,21.6,16,46,6,20,1,200.0,121429,Brazil,27,BRA,1,24,6,41,6,47,16,36,19,52.8,29,8,27.6,65,27,41.5,21,11,52.4,29,18,62.1,18,73,16,12,3,200.0
121429,Brazil,27,BRA,2,24,6,41,6,47,16,36,19,52.8,29,8,27.6,65,27,41.5,21,11,52.4,29,18,62.1,18,73,16,12,3,200.0,121429,Dominican Republic,51,DOM,2,10,2,36,15,51,17,46,11,23.9,26,5,19.2,72,16,22.2,16,9,56.3,37,8,21.6,16,46,6,20,1,200.0
121430,El Salvador,54,ESA,1,10,1,30,6,36,19,47,20,42.6,9,2,22.2,56,22,39.3,17,11,64.7,39,15,38.5,21,57,3,12,3,200.0,121430,Argentina,14,ARG,1,23,1,31,13,44,20,31,14,45.2,36,11,30.6,67,25,37.3,18,15,83.3,22,11,50.0,19,76,4,6,3,200.0
121430,Argentina,14,ARG,2,23,1,31,13,44,20,31,14,45.2,36,11,30.6,67,25,37.3,18,15,83.3,22,11,50.0,19,76,4,6,3,200.0,121430,El Salvador,54,ESA,2,10,1,30,6,36,19,47,20,42.6,9,2,22.2,56,22,39.3,17,11,64.7,39,15,38.5,21,57,3,12,3,200.0
121439,Mexico,104,MEX,1,15,2,26,14,40,10,52,19,36.5,25,6,24.0,77,25,32.5,5,4,80.0,34,16,47.1,10,60,9,13,2,200.0,121439,Puerto Rico,125,PUR,1,16,2,38,8,46,10,37,21,56.8,27,9,33.3,64,30,46.9,10,8,80.0,22,12,54.6,10,77,4,16,2,200.0
121439,Puerto Rico,125,PUR,2,16,2,38,8,46,10,37,21,56.8,27,9,33.3,64,30,46.9,10,8,80.0,22,12,54.6,10,77,4,16,2,200.0,121439,Mexico,104,MEX,2,15,2,26,14,40,10,52,19,36.5,25,6,24.0,77,25,32.5,5,4,80.0,34,16,47.1,10,60,9,13,2,200.0
121440,Chile,38,CHI,1,8,4,31,7,38,7,40,12,30.0,21,2,9.5,61,14,23.0,8,3,37.5,37,11,29.7,18,33,7,15,0,200.0,121440,Colombia,40,COL,1,16,4,40,8,48,18,43,16,37.2,17,4,23.5,60,20,33.3,19,15,79.0,27,7,25.9,7,59,9,13,1,200.0
121440,Colombia,40,COL,2,16,4,40,8,48,18,43,16,37.2,17,4,23.5,60,20,33.3,19,15,79.0,27,7,25.9,7,59,9,13,1,200.0,121440,Chile,38,CHI,2,8,4,31,7,38,7,40,12,30.0,21,2,9.5,61,14,23.0,8,3,37.5,37,11,29.7,18,33,7,15,0,200.0
121431,Canada,34,CAN,1,17,2,42,26,68,11,59,23,39.0,27,9,33.3,86,32,37.2,11,9,81.8,47,21,44.7,9,82,8,16,3,200.0,121431,Dominican Republic,51,DOM,1,10,4,29,11,40,9,47,13,27.7,22,5,22.7,69,18,26.1,8,5,62.5,32,11,34.4,11,46,8,15,2,200.0
121431,Dominican Republic,51,DOM,2,10,4,29,11,40,9,47,13,27.7,22,5,22.7,69,18,26.1,8,5,62.5,32,11,34.4,11,46,8,15,2,200.0,121431,Canada,34,CAN,2,17,2,42,26,68,11,59,23,39.0,27,9,33.3,86,32,37.2,11,9,81.8,47,21,44.7,9,82,8,16,3,200.0
121432,Brazil,27,BRA,1,31,2,38,22,60,18,49,25,51.0,26,13,50.0,75,38,50.7,30,17,56.7,44,25,56.8,8,106,14,10,4,200.0,121432,El Salvador,54,ESA,1,12,1,23,4,27,8,39,13,33.3,21,6,28.6,60,19,31.7,10,5,50.0,25,8,32.0,18,49,5,17,2,200.0
121432,El Salvador,54,ESA,2,12,1,23,4,27,8,39,13,33.3,21,6,28.6,60,19,31.7,10,5,50.0,25,8,32.0,18,49,5,17,2,200.0,121432,Brazil,27,BRA,2,31,2,38,22,60,18,49,25,51.0,26,13,50.0,75,38,50.7,30,17,56.7,44,25,56.8,8,106,14,10,4,200.0
121441,USA,154,USA,1,30,2,34,17,51,14,59,33,55.9,21,8,38.1,80,41,51.3,20,14,70.0,47,29,61.7,13,104,16,14,5,200.0,121441,Mexico,104,MEX,1,8,2,25,12,37,13,47,18,38.3,18,2,11.1,65,20,30.8,8,6,75.0,38,16,42.1,14,48,11,28,1,200.0
121441,Mexico,104,MEX,2,8,2,25,12,37,13,47,18,38.3,18,2,11.1,65,20,30.8,8,6,75.0,38,16,42.1,14,48,11,28,1,200.0,121441,USA,154,USA,2,30,2,34,17,51,14,59,33,55.9,21,8,38.1,80,41,51.3,20,14,70.0,47,29,61.7,13,104,16,14,5,200.0
121442,Puerto Rico,125,PUR,1,21,4,51,10,61,14,37,11,29.7,33,15,45.5,70,26,37.1,12,8,66.7,23,7,30.4,8,75,5,10,3,200.0,121442,Chile,38,CHI,1,13,2,34,8,42,8,31,12,38.7,41,3,7.3,72,15,20.8,7,5,71.4,29,11,37.9,14,38,5,7,1,200.0
121442,Chile,38,CHI,2,13,2,34,8,42,8,31,12,38.7,41,3,7.3,72,15,20.8,7,5,71.4,29,11,37.9,14,38,5,7,1,200.0,121442,Puerto Rico,125,PUR,2,21,4,51,10,61,14,37,11,29.7,33,15,45.5,70,26,37.1,12,8,66.7,23,7,30.4,8,75,5,10,3,200.0
121443,Brazil,27,BRA,1,24,2,32,25,57,14,50,28,56.0,34,6,17.7,84,34,40.5,16,10,62.5,41,26,63.4,12,84,9,11,3,200.0,121443,Mexico,104,MEX,1,15,2,27,10,37,12,42,15,35.7,23,7,30.4,65,22,33.9,13,10,76.9,27,11,40.7,15,61,9,16,2,200.0
121443,Mexico,104,MEX,2,15,2,27,10,37,12,42,15,35.7,23,7,30.4,65,22,33.9,13,10,76.9,27,11,40.7,15,61,9,16,2,200.0,121443,Brazil,27,BRA,2,24,2,32,25,57,14,50,28,56.0,34,6,17.7,84,34,40.5,16,10,62.5,41,26,63.4,12,84,9,11,3,200.0
121444,Puerto Rico,125,PUR,1,9,3,34,16,50,16,30,7,23.3,32,8,25.0,62,15,24.2,18,13,72.2,14,4,28.6,14,51,6,14,3,200.0,121444,Argentina,14,ARG,1,13,2,32,8,40,14,34,15,44.1,28,5,17.9,62,20,32.3,12,8,66.7,22,13,59.1,16,53,9,9,3,200.0
121444,Argentina,14,ARG,2,13,2,32,8,40,14,34,15,44.1,28,5,17.9,62,20,32.3,12,8,66.7,22,13,59.1,16,53,9,9,3,200.0,121444,Puerto Rico,125,PUR,2,9,3,34,16,50,16,30,7,23.3,32,8,25.0,62,15,24.2,18,13,72.2,14,4,28.6,14,51,6,14,3,200.0
121445,USA,154,USA,1,32,7,28,29,57,22,64,32,50.0,23,10,43.5,87,42,48.3,22,16,72.7,55,27,49.1,13,110,31,24,6,200.0,121445,Dominican Republic,51,DOM,1,12,4,19,13,32,13,40,15,37.5,17,3,17.7,57,18,31.6,14,5,35.7,29,10,34.5,22,44,13,40,1,200.0
121445,Dominican Republic,51,DOM,2,12,4,19,13,32,13,40,15,37.5,17,3,17.7,57,18,31.6,14,5,35.7,29,10,34.5,22,44,13,40,1,200.0,121445,USA,154,USA,2,32,7,28,29,57,22,64,32,50.0,23,10,43.5,87,42,48.3,22,16,72.7,55,27,49.1,13,110,31,24,6,200.0
121446,Canada,34,CAN,1,19,5,34,12,46,17,44,20,45.5,17,4,23.5,61,24,39.3,25,21,84.0,36,17,47.2,17,73,12,15,2,200.0,121446,Colombia,40,COL,1,12,1,25,7,32,17,40,13,32.5,18,5,27.8,58,18,31.0,14,8,57.1,29,12,41.4,17,49,8,18,1,200.0
121446,Colombia,40,COL,2,12,1,25,7,32,17,40,13,32.5,18,5,27.8,58,18,31.0,14,8,57.1,29,12,41.4,17,49,8,18,1,200.0,121446,Canada,34,CAN,2,19,5,34,12,46,17,44,20,45.5,17,4,23.5,61,24,39.3,25,21,84.0,36,17,47.2,17,73,12,15,2,200.0
126786,Mexico,104,MEX,1,16,3,31,14,45,18,40,14,35.0,26,8,30.8,66,22,33.3,16,15,93.8,27,10,37.0,22,67,6,17,1,200.0,126786,Puerto Rico,125,PUR,1,19,2,30,9,39,21,26,12,46.2,36,10,27.8,62,22,35.5,23,18,78.3,20,9,45.0,19,72,10,11,4,200.0
126786,Puerto Rico,125,PUR,2,19,2,30,9,39,21,26,12,46.2,36,10,27.8,62,22,35.5,23,18,78.3,20,9,45.0,19,72,10,11,4,200.0,126786,Mexico,104,MEX,2,16,3,31,14,45,18,40,14,35.0,26,8,30.8,66,22,33.3,16,15,93.8,27,10,37.0,22,67,6,17,1,200.0
126787,Dominican Republic,51,DOM,1,8,4,27,22,49,11,58,14,24.1,20,6,30.0,78,20,25.6,14,7,50.0,40,11,27.5,12,53,8,12,3,200.0,126787,Colombia,40,COL,1,23,8,39,17,56,12,45,19,42.2,31,12,38.7,76,31,40.8,9,7,77.8,31,14,45.2,11,81,4,15,4,200.0
126787,Colombia,40,COL,2,23,8,39,17,56,12,45,19,42.2,31,12,38.7,76,31,40.8,9,7,77.8,31,14,45.2,11,81,4,15,4,200.0,126787,Dominican Republic,51,DOM,2,8,4,27,22,49,11,58,14,24.1,20,6,30.0,78,20,25.6,14,7,50.0,40,11,27.5,12,53,8,12,3,200.0
126788,Brazil,27,BRA,1,35,5,33,9,42,23,39,24,61.5,21,11,52.4,60,35,58.3,33,27,81.8,33,20,60.6,17,108,8,6,4,200.0,126788,Argentina,14,ARG,1,15,0,17,8,25,17,45,17,37.8,20,6,30.0,65,23,35.4,18,16,88.9,33,11,33.3,23,68,4,11,2,200.0
126788,Argentina,14,ARG,2,15,0,17,8,25,17,45,17,37.8,20,6,30.0,65,23,35.4,18,16,88.9,33,11,33.3,23,68,4,11,2,200.0,126788,Brazil,27,BRA,2,35,5,33,9,42,23,39,24,61.5,21,11,52.4,60,35,58.3,33,27,81.8,33,20,60.6,17,108,8,6,4,200.0
126789,USA,154,USA,1,8,10,32,10,42,18,53,20,37.7,12,3,25.0,65,23,35.4,20,16,80.0,40,19,47.5,10,65,17,19,3,200.0,126789,Canada,34,CAN,1,11,6,33,20,53,10,60,17,28.3,14,2,14.3,74,19,25.7,13,13,100.0,40,11,27.5,19,53,9,23,1,200.0
126789,Canada,34,CAN,2,11,6,33,20,53,10,60,17,28.3,14,2,14.3,74,19,25.7,13,13,100.0,40,11,27.5,19,53,9,23,1,200.0,126789,USA,154,USA,2,8,10,32,10,42,18,53,20,37.7,12,3,25.0,65,23,35.4,20,16,80.0,40,19,47.5,10,65,17,19,3,200.0
126790,Mexico,104,MEX,1,27,4,42,18,60,13,43,21,48.8,35,11,31.4,78,32,41.0,12,9,75.0,36,19,52.8,8,84,8,17,3,200.0,126790,Dominican Republic,51,DOM,1,17,2,28,14,42,8,49,17,34.7,30,6,20.0,79,23,29.1,6,2,33.3,41,16,39.0,13,54,9,14,1,200.0
126790,Dominican Republic,51,DOM,2,17,2,28,14,42,8,49,17,34.7,30,6,20.0,79,23,29.1,6,2,33.3,41,16,39.0,13,54,9,14,1,200.0,126790,Mexico,104,MEX,2,27,4,42,18,60,13,43,21,48.8,35,11,31.4,78,32,41.0,12,9,75.0,36,19,52.8,8,84,8,17,3,200.0
126791,Puerto Rico,125,PUR,1,14,2,25,14,39,13,47,19,40.4,26,7,26.9,73,26,35.6,10,6,60.0,35,14,40.0,21,65,12,6,4,200.0,126791,Colombia,40,COL,1,19,2,34,13,47,20,38,19,50.0,22,7,31.8,60,26,43.3,23,17,73.9,27,15,55.6,13,76,3,13,4,200.0
126791,Colombia,40,COL,2,19,2,34,13,47,20,38,19,50.0,22,7,31.8,60,26,43.3,23,17,73.9,27,15,55.6,13,76,3,13,4,200.0,126791,Puerto Rico,125,PUR,2,14,2,25,14,39,13,47,19,40.4,26,7,26.9,73,26,35.6,10,6,60.0,35,14,40.0,21,65,12,6,4,200.0
126792,Argentina,14,ARG,1,17,2,37,6,43,23,43,17,39.5,34,11,32.4,77,28,36.4,17,8,47.1,32,13,40.6,25,75,8,12,3,250.0,126792,Canada,34,CAN,1,17,4,46,18,64,24,41,15,36.6,32,9,28.1,73,24,32.9,31,19,61.3,31,13,41.9,23,76,8,19,3,250.0
126792,Canada,34,CAN,2,17,4,46,18,64,24,41,15,36.6,32,9,28.1,73,24,32.9,31,19,61.3,31,13,41.9,23,76,8,19,3,250.0,126792,Argentina,14,ARG,2,17,2,37,6,43,23,43,17,39.5,34,11,32.4,77,28,36.4,17,8,47.1,32,13,40.6,25,75,8,12,3,250.0
126793,Brazil,27,BRA,1,20,4,25,10,35,24,38,17,44.7,22,7,31.8,60,24,40.0,35,29,82.9,32,13,40.6,24,84,9,17,3,200.0,126793,USA,154,USA,1,18,4,27,19,46,24,55,27,49.1,19,3,15.8,74,30,40.5,32,29,90.6,46,23,50.0,25,92,13,11,3,200.0
126793,USA,154,USA,2,18,4,27,19,46,24,55,27,49.1,19,3,15.8,74,30,40.5,32,29,90.6,46,23,50.0,25,92,13,11,3,200.0,126793,Brazil,27,BRA,2,20,4,25,10,35,24,38,17,44.7,22,7,31.8,60,24,40.0,35,29,82.9,32,13,40.6,24,84,9,17,3,200.0
