date,gameId,name,team,nationality,PTS,REB,OR,DR,AS,ST,BS,PF,FD,FTM,FGA,FGM,FG3M,TO,MP,PM,EFF,off_net,def_net,stocks,starter,WL,WL_raw,corner3m,abovebk3m,rim_makes,midrange_makes,fb_pts,putback_pts
2026-03-11,128101,Nanako Todo,JPN,Japan,7,3,0,3,2,0,0,2,1,0,5,3,1,1,15.5,-6,9,-4.6,-1.4,0,False,-12,-12,1,0,1,0,0,0
2026-03-11,128101,Yuki Miyazawa,JPN,Japan,3,8,1,7,4,2,1,3,0,0,6,1,1,1,24.5,-2,12,-1.5,-0.5,3,False,-12,-12,1,0,0,0,3,0
2026-03-11,128101,Minami Yabu,JPN,Japan,0,0,0,0,0,0,0,0,0,0,0,0,0,0,3.6,0,0,0.0,0.0,0,False,-12,-12,0,0,0,0,0,0
2026-03-11,128101,Aika Hirashita,JPN,Japan,12,0,0,0,1,0,0,0,1,0,11,5,2,0,20.7,-2,7,-1.5,-0.5,0,True,-12,-12,1,1,1,1,4,0
2026-03-11,128101,Kokoro Tanaka,JPN,Japan,13,2,2,0,2,2,0,2,2,1,13,4,4,1,17.3,6,8,4.6,1.4,2,True,-12,-12,1,3,0,0,0,0
2026-03-11,128101,Mai Yamamoto,JPN,Japan,15,2,0,2,4,3,0,2,2,0,12,6,3,3,22.7,-17,15,-13.1,-3.9,3,False,-12,-12,1,2,2,0,4,0
2026-03-11,128101,Azusa Asahina,JPN,Japan,5,2,0,2,2,0,0,4,0,0,2,2,1,1,12.4,-3,8,-2.3,-0.7,0,False,-12,-12,1,0,0,0,0,0
2026-03-11,128101,Rui Machida,JPN,Japan,3,4,0,4,5,0,0,4,4,0,1,1,1,2,19.6,-7,10,-5.4,-1.6,0,True,-12,-12,1,0,0,0,0,0
2026-03-11,128101,Ramu Tokashiki,JPN,Japan,2,0,0,0,0,0,0,3,3,0,4,1,0,1,18.5,-3,-2,-2.3,-0.7,0,True,-12,-12,0,0,0,0,0,0
2026-03-11,128101,Maki Takada,JPN,Japan,2,2,1,1,1,2,0,4,2,0,6,1,0,2,23.7,-13,0,-10.0,-3.0,2,True,-12,-12,0,0,0,1,0,0
2026-03-11,128101,Stephanie Mawuli,JPN,Japan,0,0,0,0,0,0,0,0,2,0,1,0,0,2,9.2,-6,-3,-4.6,-1.4,0,False,-12,-12,0,0,0,0,0,0
2026-03-11,128101,Norika Konno,JPN,Japan,3,0,0,0,1,0,0,1,0,0,3,1,1,0,12.2,-7,2,-5.4,-1.6,0,False,-12,-12,1,0,0,0,0,0
2026-03-11,128101,Panka Dul,HUN,Hungary,0,1,1,0,1,1,0,1,0,0,2,0,0,0,9.9,-2,1,-0.5,-1.5,1,False,+12,12,0,0,0,0,0,0
2026-03-11,128101,Yvonne Turner,HUN,Hungary,17,6,0,6,3,1,1,1,12,8,8,4,1,2,22.9,11,20,2.5,8.5,2,False,+12,12,0,1,1,0,0,0
2026-03-11,128101,Reka Lelik,HUN,Hungary,10,4,0,4,8,0,0,3,2,0,9,4,2,4,28.1,15,13,3.4,11.6,0,True,+12,12,0,2,0,1,0,0
2026-03-11,128101,Aliz Varga,HUN,Hungary,2,6,2,4,0,0,0,4,0,0,4,1,0,0,17.6,8,5,1.8,6.2,0,False,+12,12,0,0,0,1,0,0
2026-03-11,128101,Dorka Juhasz,HUN,Hungary,35,9,4,5,2,1,1,0,8,4,22,15,1,1,25.7,9,38,2.1,6.9,2,True,+12,12,0,1,8,2,2,4
2026-03-11,128101,Agnes Torok,HUN,Hungary,0,2,0,2,1,0,0,0,0,0,4,0,0,1,15.0,-2,-2,-0.5,-1.5,0,True,+12,12,0,0,0,0,0,0
2026-03-11,128101,Nina Aho,HUN,Hungary,2,1,0,1,5,2,0,2,2,0,4,1,0,2,21.4,5,5,1.1,3.9,2,True,+12,12,0,0,0,0,2,0
2026-03-11,128101,Debora Dubei,HUN,Hungary,2,3,0,3,0,1,0,2,0,0,4,1,0,0,23.8,-7,3,-1.6,-5.4,1,True,+12,12,0,0,0,1,0,0
2026-03-11,128101,Reka Dombai,HUN,Hungary,5,2,0,2,3,2,0,3,0,0,4,2,1,1,13.9,14,9,3.2,10.8,2,False,+12,12,1,0,1,0,0,0
2026-03-11,128101,Virag Takacs-Kiss,HUN,Hungary,4,8,5,3,3,1,2,1,1,0,5,2,0,4,21.6,9,11,2.1,6.9,3,False,+12,12,0,0,0,1,0,2
2026-03-11,128102,Aaliyah Edwards,CAN,Canada,10,6,3,3,2,1,2,1,7,2,8,4,0,0,27.2,0,13,0.0,0.0,3,True,-2,-2,0,0,1,0,0,2
2026-03-11,128102,Kayla Alexander,CAN,Canada,0,7,1,6,3,1,0,3,0,0,7,0,0,3,18.3,-4,1,-2.9,-1.1,1,True,-2,-2,0,0,0,0,0,0
2026-03-11,128102,Merissah Russell,CAN,Canada,0,0,0,0,0,0,0,1,0,0,2,0,0,0,3.8,-1,-2,-0.7,-0.3,0,False,-2,-2,0,0,0,0,0,0
2026-03-11,128102,Yvonne Ejim,CAN,Canada,13,8,6,2,1,0,2,2,0,0,8,5,3,2,28.1,6,19,4.4,1.6,2,False,-2,-2,0,3,1,0,0,4
2026-03-11,128102,Tara Wallack,CAN,Canada,2,1,1,0,0,0,0,1,0,0,1,1,0,1,6.3,-6,2,-4.4,-1.6,0,False,-2,-2,0,0,0,0,0,0
2026-03-11,128102,Bridget Carleton,CAN,Canada,24,5,1,4,2,1,0,2,4,8,12,7,2,3,36.2,-1,23,-0.7,-0.3,1,True,-2,-2,0,2,2,2,3,0
2026-03-11,128102,Kia Nurse,CAN,Canada,12,1,0,1,0,1,0,2,3,4,13,3,2,1,25.9,-8,3,-5.9,-2.1,1,True,-2,-2,0,2,1,0,0,0
2026-03-11,128102,Sami Hill,CAN,Canada,0,1,1,0,1,1,0,2,1,0,4,0,0,0,13.9,5,-1,3.7,1.3,1,False,-2,-2,0,0,0,0,0,0
2026-03-11,128102,Shay Colley,CAN,Canada,3,1,1,0,2,0,0,4,0,0,7,1,1,0,20.3,-13,0,-9.6,-3.4,0,True,-2,-2,0,1,0,0,0,0
2026-03-11,128102,Shaina Pellington,CAN,Canada,5,4,0,4,8,1,0,1,3,1,7,2,0,0,20.0,12,10,8.8,3.2,1,False,-2,-2,0,0,2,0,0,0
2026-03-11,128102,Esra Ural Topuz,TUR,Türkiye,6,2,0,2,2,1,2,2,0,0,3,3,0,1,12.4,10,12,2.6,7.4,3,True,+2,2,0,0,3,0,2,0
2026-03-11,128102,Kennedy Burke,TUR,Türkiye,16,11,3,8,1,2,2,2,2,4,19,5,2,2,32.8,1,16,0.3,0.7,4,True,+2,2,0,2,2,1,2,2
2026-03-11,128102,Sinem Atas,TUR,Türkiye,0,0,0,0,1,1,0,1,0,0,1,0,0,1,5.5,4,0,1.1,2.9,1,False,+2,2,0,0,0,0,0,0
2026-03-11,128102,Derin Erdogan,TUR,Türkiye,5,2,0,2,1,0,0,2,2,1,5,2,0,0,16.2,-17,4,-4.5,-12.5,0,False,+2,2,0,0,1,0,0,0
2026-03-11,128102,Zeynep Gul,TUR,Türkiye,0,1,0,1,0,1,0,0,1,0,1,0,0,2,9.2,-5,-1,-1.3,-3.7,1,False,+2,2,0,0,0,0,0,0
2026-03-11,128102,Elif Bayram,TUR,Türkiye,6,7,3,4,0,0,0,3,1,0,3,3,0,1,18.5,-3,12,-0.8,-2.2,0,False,+2,2,0,0,3,0,2,0
2026-03-11,128102,Alperi Onar,TUR,Türkiye,9,1,0,1,4,1,0,0,2,3,6,3,0,1,24.2,-11,10,-2.9,-8.1,1,False,+2,2,0,0,1,1,0,0
2026-03-11,128102,Goksen Fitik,TUR,Türkiye,5,4,0,4,1,0,0,3,2,1,6,2,0,1,20.8,12,3,3.2,8.8,0,True,+2,2,0,0,1,1,0,0
2026-03-11,128102,Olcay Cakir,TUR,Türkiye,12,4,1,3,4,0,0,4,8,4,7,4,0,2,24.4,19,11,5.0,14.0,0,True,+2,2,0,0,3,1,0,0
2026-03-11,128102,Sevgi Uzun,TUR,Türkiye,12,4,0,4,3,0,2,1,1,0,10,6,0,3,34.4,3,14,0.8,2.2,2,True,+2,2,0,0,2,4,2,0
2026-03-11,128103,Victoria Gauna,ARG,Argentina,2,3,2,1,0,0,0,3,2,0,6,1,0,2,21.4,-31,-2,-8.6,-22.4,0,True,-26,-26,0,0,1,0,0,2
2026-03-11,128103,Macarena D'urso,ARG,Argentina,8,1,1,0,1,1,0,1,2,1,8,3,1,2,16.8,-7,3,-1.9,-5.1,1,True,-26,-26,0,1,0,2,0,2
2026-03-11,128103,Delfina Saravia,ARG,Argentina,0,0,0,0,0,0,0,0,0,0,0,0,0,1,2.4,-10,-1,-2.8,-7.2,0,False,-26,-26,0,0,0,0,0,0
2026-03-11,128103,Florencia Chagas,ARG,Argentina,17,0,0,0,0,3,0,2,1,0,14,6,5,1,23.4,-9,11,-2.5,-6.5,3,True,-26,-26,2,3,1,0,6,0
2026-03-11,128103,Candela Gentinetta,ARG,Argentina,2,3,1,2,0,0,0,1,2,2,1,0,0,0,10.8,-19,2,-5.3,-13.7,0,False,-26,-26,0,0,0,0,0,0
2026-03-11,128103,Melisa Gretter,ARG,Argentina,4,7,1,6,6,3,0,2,4,0,4,2,0,2,25.9,-6,16,-1.7,-4.3,3,True,-26,-26,0,0,0,2,0,0
2026-03-11,128103,Agostina Burani,ARG,Argentina,8,5,1,4,2,2,0,2,3,4,6,2,0,1,24.4,-5,12,-1.4,-3.6,2,True,-26,-26,0,0,2,0,0,0
2026-03-11,128103,Julieta Mungo,ARG,Argentina,17,2,0,2,2,2,0,2,2,2,10,5,5,0,25.2,-7,18,-1.9,-5.1,2,False,-26,-26,2,3,0,0,0,0
2026-03-11,128103,Diana Cabrera,ARG,Argentina,3,2,1,1,1,0,0,4,1,1,2,1,0,0,15.5,-1,4,-0.3,-0.7,0,False,-26,-26,0,0,0,0,0,0
2026-03-11,128103,Laila Raviolo,ARG,Argentina,2,0,0,0,0,0,0,0,0,0,2,1,0,0,6.4,-5,1,-1.4,-3.6,0,False,-26,-26,0,0,0,0,0,0
2026-03-11,128103,Flor Martinez,ARG,Argentina,0,1,0,1,2,0,0,3,1,0,1,0,0,3,14.5,-14,-1,-3.9,-10.1,0,False,-26,-26,0,0,0,0,0,0
2026-03-11,128103,Amaiquen Siciliano,ARG,Argentina,2,0,0,0,3,1,0,4,1,2,5,0,0,2,13.2,-16,-1,-4.4,-11.6,1,False,-26,-26,0,0,0,0,0,0
2026-03-11,128103,Chloe Bibby,AUS,Australia,4,1,0,1,0,1,0,0,0,0,4,2,0,0,6.2,10,4,7.2,2.8,1,False,+26,26,0,0,1,1,0,0
2026-03-11,128103,Alex Wilson,AUS,Australia,8,4,1,3,2,0,0,1,2,2,4,2,2,2,15.5,-10,10,-7.2,-2.8,0,True,+26,26,0,2,0,0,0,0
2026-03-11,128103,Sami Whitcomb,AUS,Australia,6,4,2,2,0,0,0,2,1,0,8,2,2,1,22.6,4,3,2.9,1.1,0,True,+26,26,0,2,0,0,0,0
2026-03-11,128103,Alexandra Fowler,AUS,Australia,4,2,0,2,2,0,0,0,1,1,3,1,1,1,12.8,-7,4,-5.1,-1.9,0,False,+26,26,0,1,0,0,0,0
2026-03-11,128103,Zitina Aokuso,AUS,Australia,4,1,0,1,2,1,0,0,2,2,1,1,0,0,9.0,12,7,8.7,3.3,1,False,+26,26,0,0,1,0,0,0
2026-03-11,128103,Isobel Borlase,AUS,Australia,19,2,0,2,1,0,0,2,3,4,8,6,3,1,17.0,18,18,13.0,5.0,0,False,+26,26,0,3,3,0,0,0
2026-03-11,128103,Cayla George,AUS,Australia,3,4,0,4,2,0,0,1,5,1,2,1,0,2,18.4,12,5,8.7,3.3,0,False,+26,26,0,0,1,0,0,0
2026-03-11,128103,Ezi Magbegor,AUS,Australia,16,7,4,3,2,3,1,4,5,5,6,5,1,0,22.4,20,27,14.4,5.6,4,True,+26,26,0,1,4,0,2,4
2026-03-11,128103,Stephanie Reid,AUS,Australia,5,1,0,1,3,0,0,3,1,0,3,2,1,0,12.6,25,8,18.1,6.9,0,False,+26,26,0,1,1,0,2,0
2026-03-11,128103,Alanna Smith,AUS,Australia,4,7,0,7,5,1,0,2,1,0,6,2,0,3,20.5,7,10,5.1,1.9,1,True,+26,26,0,0,2,0,2,0
2026-03-11,128103,Steph Talbot,AUS,Australia,6,3,1,2,4,1,1,1,0,0,10,3,0,2,23.6,17,6,12.3,4.7,2,True,+26,26,0,0,3,0,2,0
2026-03-11,128103,Jade Melbourne,AUS,Australia,12,1,1,0,3,0,0,3,3,2,6,4,2,3,19.4,22,11,15.9,6.1,0,False,+26,26,0,2,2,0,2,0
2026-03-12,128104,Petra Toman,HUN,Hungary,0,0,0,0,1,0,0,0,0,0,0,0,0,1,8.1,-4,0,-3.9,-0.1,0,False,-22,-22,0,0,0,0,0,0
2026-03-12,128104,Panka Dul,HUN,Hungary,2,1,0,1,1,3,1,3,0,0,4,1,0,2,19.0,6,3,5.9,0.1,4,False,-22,-22,0,0,0,0,0,0
2026-03-12,128104,Yvonne Turner,HUN,Hungary,0,1,0,1,3,0,0,2,3,0,2,0,0,4,20.2,-19,-2,-18.7,-0.3,0,False,-22,-22,0,0,0,0,0,0
2026-03-12,128104,Reka Lelik,HUN,Hungary,0,0,0,0,5,0,0,1,3,0,3,0,0,2,14.8,-11,0,-10.9,-0.1,0,True,-22,-22,0,0,0,0,0,0
2026-03-12,128104,Aliz Varga,HUN,Hungary,5,3,0,3,0,0,0,1,0,0,4,2,1,1,13.0,6,5,5.9,0.1,0,False,-22,-22,0,1,0,0,2,0
2026-03-12,128104,Dorka Juhasz,HUN,Hungary,13,9,1,8,1,0,1,1,4,4,13,4,1,2,25.0,-12,11,-11.8,-0.2,1,True,-22,-22,0,1,0,2,0,0
2026-03-12,128104,Agnes Torok,HUN,Hungary,0,1,0,1,0,0,0,3,0,0,2,0,0,0,11.3,-18,-1,-17.8,-0.2,0,False,-22,-22,0,0,0,0,0,0
2026-03-12,128104,Kinga Josepovits,HUN,Hungary,6,1,0,1,1,0,0,0,0,0,5,3,0,0,4.0,3,6,3.0,0.0,0,False,-22,-22,0,0,0,0,2,0
2026-03-12,128104,Nina Aho,HUN,Hungary,4,5,1,4,2,1,0,1,2,0,6,2,0,0,19.4,-12,8,-11.8,-0.2,1,True,-22,-22,0,0,0,2,0,0
2026-03-12,128104,Debora Dubei,HUN,Hungary,11,1,0,1,2,2,0,3,3,0,10,4,3,2,23.4,-6,8,-5.9,-0.1,2,True,-22,-22,0,3,0,0,0,0
2026-03-12,128104,Reka Dombai,HUN,Hungary,4,1,0,1,0,0,0,2,3,4,3,0,0,3,15.0,-20,-1,-19.7,-0.3,0,False,-22,-22,0,0,0,0,0,0
2026-03-12,128104,Virag Takacs-Kiss,HUN,Hungary,8,5,3,2,0,0,0,0,3,2,9,3,0,0,26.8,-23,7,-22.7,-0.3,0,True,-22,-22,0,0,0,1,0,2
2026-03-12,128104,Faith Dut,CAN,Canada,6,1,0,1,0,0,0,0,0,0,3,3,0,0,4.2,-3,7,-0.0,-3.0,0,False,+22,22,0,0,0,0,0,0
2026-03-12,128104,Aaliyah Edwards,CAN,Canada,8,5,0,5,0,1,1,3,6,2,8,3,0,4,26.6,16,6,0.2,15.8,2,True,+22,22,0,0,1,0,0,0
2026-03-12,128104,Kayla Alexander,CAN,Canada,9,12,5,7,0,4,0,1,2,1,11,4,0,0,24.5,23,18,0.3,22.7,4,True,+22,22,0,0,2,0,2,6
2026-03-12,128104,Merissah Russell,CAN,Canada,0,2,1,1,0,1,0,2,0,0,4,0,0,1,6.4,1,-2,0.0,1.0,1,False,+22,22,0,0,0,0,0,0
2026-03-12,128104,Yvonne Ejim,CAN,Canada,0,3,1,2,1,2,0,2,1,0,2,0,0,1,15.5,10,3,0.1,9.9,2,False,+22,22,0,0,0,0,0,0
2026-03-12,128104,Tara Wallack,CAN,Canada,2,1,0,1,1,0,0,0,0,0,3,1,0,0,9.2,-2,2,-0.0,-2.0,0,False,+22,22,0,0,1,0,2,0
2026-03-12,128104,Niyah Becker,CAN,Canada,0,1,0,1,0,0,0,1,0,0,0,0,0,0,5.0,-1,1,-0.0,-1.0,0,False,+22,22,0,0,0,0,0,0
2026-03-12,128104,Bridget Carleton,CAN,Canada,12,5,2,3,1,0,0,2,3,1,11,5,1,1,27.4,18,11,0.2,17.8,0,True,+22,22,0,1,0,4,3,0
2026-03-12,128104,Kia Nurse,CAN,Canada,7,5,1,4,2,0,0,3,1,2,9,2,1,3,17.2,8,4,0.1,7.9,0,True,+22,22,0,1,0,0,0,0
2026-03-12,128104,Sami Hill,CAN,Canada,5,0,0,0,1,1,0,3,0,0,3,2,1,0,16.5,20,6,0.3,19.7,1,False,+22,22,1,0,0,1,0,0
2026-03-12,128104,Shay Colley,CAN,Canada,10,2,0,2,5,1,0,3,2,1,11,4,1,2,25.9,2,9,0.0,2.0,1,True,+22,22,1,0,1,1,0,0
2026-03-12,128104,Shaina Pellington,CAN,Canada,16,3,1,2,4,3,0,1,2,4,9,6,0,0,21.6,18,23,0.2,17.8,3,False,+22,22,0,0,1,1,4,2
2026-03-12,128105,Chloe Bibby,AUS,Australia,3,0,0,0,0,0,0,0,0,0,1,1,1,0,3.9,-15,3,-12.2,-2.8,0,False,+10,10,1,0,0,0,0,0
2026-03-12,128105,Alex Wilson,AUS,Australia,0,4,0,4,7,0,1,0,2,0,4,0,0,2,21.5,14,6,11.3,2.7,1,False,+10,10,0,0,0,0,0,0
2026-03-12,128105,Sami Whitcomb,AUS,Australia,17,5,1,4,0,2,0,1,1,1,10,6,4,3,24.6,10,17,8.1,1.9,2,True,+10,10,1,3,0,0,0,0
2026-03-12,128105,Alexandra Fowler,AUS,Australia,7,2,1,1,2,0,2,4,3,1,5,3,0,0,15.6,2,10,1.6,0.4,2,False,+10,10,0,0,2,0,0,2
2026-03-12,128105,Zitina Aokuso,AUS,Australia,10,7,4,3,1,0,0,0,0,0,9,5,0,1,14.2,-8,13,-6.5,-1.5,0,False,+10,10,0,0,5,0,0,6
2026-03-12,128105,Isobel Borlase,AUS,Australia,8,3,0,3,1,0,1,2,2,2,8,3,0,2,16.8,-1,5,-0.8,-0.2,1,False,+10,10,0,0,2,0,4,0
2026-03-12,128105,Cayla George,AUS,Australia,0,2,0,2,0,0,0,1,0,0,2,0,0,1,4.8,1,-1,0.8,0.2,0,False,+10,10,0,0,0,0,0,0
2026-03-12,128105,Ezi Magbegor,AUS,Australia,14,4,3,1,4,0,0,1,1,1,12,6,1,1,22.9,14,14,11.3,2.7,0,True,+10,10,0,1,5,0,2,5
2026-03-12,128105,Stephanie Reid,AUS,Australia,0,0,0,0,0,1,0,2,3,0,1,0,0,1,9.9,2,-1,1.6,0.4,1,False,+10,10,0,0,0,0,0,0
2026-03-12,128105,Alanna Smith,AUS,Australia,12,9,2,7,1,1,3,2,3,1,10,5,1,0,28.6,11,20,8.9,2.1,4,True,+10,10,0,1,4,0,0,2
2026-03-12,128105,Steph Talbot,AUS,Australia,7,8,1,7,3,1,1,2,2,1,3,2,2,2,22.3,23,16,18.6,4.4,2,True,+10,10,2,0,0,0,0,0
2026-03-12,128105,Jade Melbourne,AUS,Australia,3,0,0,0,3,0,0,2,2,0,4,1,1,0,15.2,-3,1,-2.4,-0.6,0,True,+10,10,0,1,0,0,0,0
2026-03-12,128105,Nanako Todo,JPN,Japan,2,2,0,2,0,1,0,3,2,0,3,1,0,2,15.3,-5,1,-0.9,-4.1,1,False,-10,-10,0,0,1,0,2,0
2026-03-12,128105,Yuki Miyazawa,JPN,Japan,3,1,0,1,1,1,0,2,2,0,5,1,1,0,20.7,-30,2,-5.7,-24.3,1,False,-10,-10,0,1,0,0,0,0
2026-03-12,128105,Minami Yabu,JPN,Japan,0,1,1,0,0,1,0,4,0,0,1,0,0,0,7.0,-9,1,-1.7,-7.3,1,False,-10,-10,0,0,0,0,0,0
2026-03-12,128105,Aika Hirashita,JPN,Japan,16,1,0,1,2,3,0,2,0,0,12,6,4,0,23.2,8,16,1.5,6.5,3,True,-10,-10,3,1,2,0,0,0
2026-03-12,128105,Kokoro Tanaka,JPN,Japan,17,1,0,1,3,0,0,2,4,6,9,4,3,0,19.5,-7,16,-1.3,-5.7,0,True,-10,-10,0,3,0,0,0,0
2026-03-12,128105,Mai Yamamoto,JPN,Japan,16,1,0,1,1,0,0,2,1,0,12,6,4,3,18.8,2,9,0.4,1.6,0,False,-10,-10,2,2,1,1,7,0
2026-03-12,128105,Azusa Asahina,JPN,Japan,3,1,1,0,0,0,0,1,1,1,3,1,0,0,9.1,-3,1,-0.6,-2.4,0,False,-10,-10,0,0,1,0,0,2
2026-03-12,128105,Rui Machida,JPN,Japan,0,6,0,6,10,0,0,0,0,0,3,0,0,2,24.1,-7,11,-1.3,-5.7,0,True,-10,-10,0,0,0,0,0,0
2026-03-12,128105,Ramu Tokashiki,JPN,Japan,3,2,0,2,1,0,1,0,2,1,4,1,0,1,20.3,5,2,0.9,4.1,1,True,-10,-10,0,0,0,1,0,0
2026-03-12,128105,Maki Takada,JPN,Japan,8,4,0,4,1,0,0,2,5,2,7,3,0,1,19.4,-10,8,-1.9,-8.1,0,True,-10,-10,0,0,1,0,0,0
2026-03-12,128105,Stephanie Mawuli,JPN,Japan,3,1,1,0,0,0,0,0,0,0,3,1,1,0,12.6,16,2,3.0,13.0,0,False,-10,-10,0,1,0,0,0,0
2026-03-12,128105,Norika Konno,JPN,Japan,0,0,0,0,1,0,0,1,0,0,3,0,0,1,10.1,-10,-3,-1.9,-8.1,0,False,-10,-10,0,0,0,0,0,0
2026-03-12,128106,Esra Ural Topuz,TUR,Türkiye,2,2,0,2,1,0,0,2,1,2,1,0,0,1,16.0,8,3,5.3,2.7,0,True,-4,-4,0,0,0,0,0,0
2026-03-12,128106,Kennedy Burke,TUR,Türkiye,14,10,3,7,1,0,2,0,4,3,13,4,3,0,35.8,1,18,0.7,0.3,2,True,-4,-4,1,2,1,0,0,0
2026-03-12,128106,Sinem Atas,TUR,Türkiye,0,1,1,0,1,0,0,1,1,0,1,0,0,0,7.7,-11,-1,-7.3,-3.7,0,False,-4,-4,0,0,0,0,0,0
2026-03-12,128106,Derin Erdogan,TUR,Türkiye,3,0,0,0,1,0,0,2,0,0,4,1,1,0,5.8,3,1,2.0,1.0,0,False,-4,-4,1,0,0,0,0,0
2026-03-12,128106,Elif Bayram,TUR,Türkiye,2,5,2,3,0,1,0,1,2,0,1,1,0,0,20.5,-6,6,-4.0,-2.0,1,False,-4,-4,0,0,1,0,2,0
2026-03-12,128106,Alperi Onar,TUR,Türkiye,2,1,0,1,2,0,0,4,5,2,6,0,0,0,19.8,-9,-1,-6.0,-3.0,0,False,-4,-4,0,0,0,0,0,0
2026-03-12,128106,Ayse Cora Yamaner,TUR,Türkiye,11,4,2,2,0,0,0,3,2,0,10,4,3,1,15.5,4,8,2.7,1.3,0,False,-4,-4,1,2,1,0,0,0
2026-03-12,128106,Goksen Fitik,TUR,Türkiye,5,1,0,1,0,0,0,1,1,1,5,2,0,2,18.0,-4,1,-2.7,-1.3,0,True,-4,-4,0,0,1,0,0,0
2026-03-12,128106,Olcay Cakir,TUR,Türkiye,4,4,1,3,1,4,0,5,0,0,5,2,0,3,32.0,-3,7,-2.0,-1.0,4,True,-4,-4,0,0,2,0,0,0
2026-03-12,128106,Sevgi Uzun,TUR,Türkiye,12,1,0,1,4,0,0,3,3,0,14,5,2,2,28.8,-3,6,-2.0,-1.0,0,True,-4,-4,0,2,0,3,0,0
2026-03-12,128106,Victoria Gauna,ARG,Argentina,2,4,1,3,1,0,1,3,0,0,5,1,0,0,8.8,-3,4,-1.0,-2.0,1,True,+4,4,0,0,0,0,0,0
2026-03-12,128106,Delfina Saravia,ARG,Argentina,0,1,1,0,0,0,0,3,1,0,3,0,0,1,26.4,-2,-3,-0.7,-1.3,0,True,+4,4,0,0,0,0,0,0
2026-03-12,128106,Florencia Chagas,ARG,Argentina,4,3,2,1,2,0,0,3,0,0,10,2,0,1,25.9,1,0,0.3,0.7,0,True,+4,4,0,0,1,1,0,2
2026-03-12,128106,Candela Gentinetta,ARG,Argentina,0,0,0,0,1,0,0,0,2,0,1,0,0,0,9.9,-1,0,-0.3,-0.7,0,False,+4,4,0,0,0,0,0,0
2026-03-12,128106,Melisa Gretter,ARG,Argentina,16,9,1,8,6,1,0,1,6,5,10,5,1,3,34.2,8,23,2.7,5.3,1,True,+4,4,0,1,1,3,2,0
2026-03-12,128106,Agostina Burani,ARG,Argentina,12,8,4,4,0,0,0,4,6,5,6,3,1,2,26.0,7,14,2.3,4.7,0,True,+4,4,0,1,2,0,0,3
2026-03-12,128106,Julieta Mungo,ARG,Argentina,8,5,2,3,2,0,0,0,1,2,7,2,2,0,23.4,2,10,0.7,1.3,0,False,+4,4,0,2,0,0,0,0
2026-03-12,128106,Diana Cabrera,ARG,Argentina,9,9,3,6,1,2,2,2,4,1,7,4,0,2,31.2,7,17,2.3,4.7,4,False,+4,4,0,0,2,0,2,0
2026-03-12,128106,Flor Martinez,ARG,Argentina,0,0,0,0,1,0,0,0,0,0,1,0,0,1,5.0,3,-1,1.0,2.0,0,False,+4,4,0,0,0,0,0,0
2026-03-12,128106,Amaiquen Siciliano,ARG,Argentina,8,3,0,3,0,0,0,3,2,2,7,2,2,0,9.4,-2,6,-0.7,-1.3,0,False,+4,4,0,2,0,0,0,0
2026-03-14,128107,Chloe Bibby,AUS,Australia,2,1,1,0,0,0,0,0,1,0,2,1,0,0,8.0,8,2,0.4,7.6,0,False,+13,13,0,0,0,0,0,0
2026-03-14,128107,Alex Wilson,AUS,Australia,6,5,1,4,2,1,0,2,2,1,5,2,1,3,21.6,11,7,0.5,10.5,1,True,+13,13,0,1,0,1,0,3
2026-03-14,128107,Sami Whitcomb,AUS,Australia,12,1,1,0,1,4,0,2,2,2,9,4,2,2,22.8,18,11,0.8,17.2,4,True,+13,13,0,2,0,0,2,0
2026-03-14,128107,Alexandra Fowler,AUS,Australia,0,3,0,3,0,0,0,2,0,0,1,0,0,0,12.5,-3,2,-0.1,-2.9,0,False,+13,13,0,0,0,0,0,0
2026-03-14,128107,Zitina Aokuso,AUS,Australia,13,9,3,6,1,0,0,1,5,7,5,3,0,1,19.4,13,19,0.6,12.4,0,False,+13,13,0,0,0,0,0,2
2026-03-14,128107,Isobel Borlase,AUS,Australia,8,0,0,0,3,2,0,0,2,2,9,3,0,1,22.7,-6,6,-0.3,-5.7,2,False,+13,13,0,0,0,2,0,0
2026-03-14,128107,Cayla George,AUS,Australia,4,4,1,3,1,2,0,4,1,0,7,2,0,1,16.3,-2,5,-0.1,-1.9,2,False,+13,13,0,0,0,0,0,2
2026-03-14,128107,Ezi Magbegor,AUS,Australia,14,5,2,3,2,0,0,3,2,2,10,5,2,0,17.0,5,15,0.2,4.8,0,True,+13,13,1,1,1,0,0,2
2026-03-14,128107,Stephanie Reid,AUS,Australia,0,2,1,1,2,0,0,3,0,0,2,0,0,1,9.6,1,1,0.0,1.0,0,False,+13,13,0,0,0,0,0,0
2026-03-14,128107,Alanna Smith,AUS,Australia,12,6,2,4,0,3,0,3,8,4,11,4,0,0,22.0,13,11,0.6,12.4,3,True,+13,13,0,0,0,0,2,0
2026-03-14,128107,Steph Talbot,AUS,Australia,0,3,0,3,1,0,0,0,0,0,3,0,0,1,14.0,5,0,0.2,4.8,0,True,+13,13,0,0,0,0,0,0
2026-03-14,128107,Jade Melbourne,AUS,Australia,0,0,0,0,2,1,0,2,1,0,2,0,0,2,14.0,2,-1,0.1,1.9,1,False,+13,13,0,0,0,0,0,0
2026-03-14,128107,Petra Toman,HUN,Hungary,3,2,1,1,0,1,0,2,1,0,1,1,1,0,17.6,3,6,2.9,0.1,1,False,-13,-13,0,1,0,0,0,0
2026-03-14,128107,Panka Dul,HUN,Hungary,7,1,0,1,1,0,0,4,1,1,3,2,2,2,15.0,-8,5,-7.6,-0.4,0,False,-13,-13,0,2,0,0,0,0
2026-03-14,128107,Yvonne Turner,HUN,Hungary,2,2,0,2,2,0,0,1,2,0,3,1,0,2,13.6,-15,2,-14.3,-0.7,0,True,-13,-13,0,0,1,0,0,0
2026-03-14,128107,Reka Lelik,HUN,Hungary,2,2,0,2,1,1,1,2,5,2,4,0,0,3,19.1,-6,-2,-5.7,-0.3,2,True,-13,-13,0,0,0,0,0,0
2026-03-14,128107,Aliz Varga,HUN,Hungary,3,3,1,2,0,1,0,0,0,0,3,1,1,1,17.0,-5,4,-4.8,-0.2,1,False,-13,-13,0,1,0,0,0,0
2026-03-14,128107,Dorka Juhasz,HUN,Hungary,1,7,1,6,1,0,1,0,3,1,5,0,0,1,19.9,-16,3,-15.3,-0.7,1,True,-13,-13,0,0,0,0,0,0
2026-03-14,128107,Agnes Torok,HUN,Hungary,5,0,0,0,0,0,0,3,1,1,4,2,0,1,15.2,-10,2,-9.5,-0.5,0,False,-13,-13,0,0,0,1,0,0
2026-03-14,128107,Kinga Josepovits,HUN,Hungary,4,1,0,1,0,0,0,5,0,0,3,2,0,3,12.3,-6,1,-5.7,-0.3,0,False,-13,-13,0,0,0,0,0,0
2026-03-14,128107,Nina Aho,HUN,Hungary,5,0,0,0,3,1,0,0,0,0,3,2,1,0,16.1,4,8,3.8,0.2,1,False,-13,-13,0,1,0,0,0,0
2026-03-14,128107,Debora Dubei,HUN,Hungary,9,2,0,2,1,1,0,3,2,0,8,3,3,1,17.8,-4,7,-3.8,-0.2,1,True,-13,-13,0,3,0,0,0,0
2026-03-14,128107,Reka Dombai,HUN,Hungary,7,3,0,3,1,0,0,2,3,2,10,2,1,3,19.1,-7,0,-6.7,-0.3,0,False,-13,-13,0,1,0,0,0,0
2026-03-14,128107,Virag Takacs-Kiss,HUN,Hungary,10,7,2,5,0,0,1,2,4,6,6,2,0,1,17.4,5,13,4.8,0.2,1,True,-13,-13,0,0,0,0,0,2
2026-03-14,128108,Victoria Gauna,ARG,Argentina,2,3,2,1,0,1,0,4,3,0,7,1,0,0,23.0,-24,0,-18.9,-5.1,1,True,-34,-34,0,0,1,0,0,0
2026-03-14,128108,Delfina Saravia,ARG,Argentina,5,3,0,3,0,0,0,1,1,1,4,2,0,1,13.4,-10,5,-7.9,-2.1,0,True,-34,-34,0,0,1,1,0,0
2026-03-14,128108,Florencia Chagas,ARG,Argentina,5,0,0,0,1,1,0,2,1,0,12,2,1,2,21.8,-26,-5,-20.5,-5.5,1,True,-34,-34,1,0,0,0,5,0
2026-03-14,128108,Candela Gentinetta,ARG,Argentina,2,1,0,1,2,0,1,2,0,0,2,1,0,0,19.2,-5,5,-3.9,-1.1,1,False,-34,-34,0,0,1,0,0,0
2026-03-14,128108,Melisa Gretter,ARG,Argentina,0,3,2,1,3,1,0,0,3,0,6,0,0,1,20.1,-26,0,-20.5,-5.5,1,True,-34,-34,0,0,0,0,0,0
2026-03-14,128108,Agostina Burani,ARG,Argentina,2,2,0,2,0,0,0,1,4,2,2,0,0,0,14.0,-21,0,-16.6,-4.4,0,True,-34,-34,0,0,0,0,0,0
2026-03-14,128108,Julieta Mungo,ARG,Argentina,12,1,1,0,1,1,0,2,2,0,9,4,4,2,17.9,-17,8,-13.4,-3.6,1,False,-34,-34,1,3,0,0,0,0
2026-03-14,128108,Diana Cabrera,ARG,Argentina,3,3,2,1,0,1,0,2,1,1,6,1,0,3,20.4,-15,-2,-11.8,-3.2,1,False,-34,-34,0,0,1,0,0,0
2026-03-14,128108,Laila Raviolo,ARG,Argentina,5,2,0,2,1,3,0,3,2,0,7,2,1,0,22.2,-6,6,-4.7,-1.3,3,False,-34,-34,0,1,1,0,2,0
2026-03-14,128108,Flor Martinez,ARG,Argentina,1,1,0,1,1,1,0,4,1,1,1,0,0,3,11.9,-16,-1,-12.6,-3.4,1,False,-34,-34,0,0,0,0,0,0
2026-03-14,128108,Amaiquen Siciliano,ARG,Argentina,4,1,0,1,1,0,0,2,0,0,5,2,0,1,16.1,-4,2,-3.2,-0.8,0,False,-34,-34,0,0,1,1,0,0
2026-03-14,128108,Faith Dut,CAN,Canada,7,3,1,2,0,0,0,5,1,0,3,3,1,4,9.7,0,6,0.0,0.0,0,False,+34,34,0,1,1,1,0,0
2026-03-14,128108,Aaliyah Edwards,CAN,Canada,11,15,3,12,1,1,1,3,3,3,5,4,0,4,19.2,30,23,6.3,23.7,2,True,+34,34,0,0,4,0,0,4
2026-03-14,128108,Kayla Alexander,CAN,Canada,6,5,2,3,1,0,0,3,4,0,4,3,0,1,14.0,20,10,4.2,15.8,0,True,+34,34,0,0,2,0,0,4
2026-03-14,128108,Merissah Russell,CAN,Canada,0,2,0,2,1,0,0,0,1,0,2,0,0,2,13.3,0,-3,0.0,0.0,0,False,+34,34,0,0,0,0,0,0
2026-03-14,128108,Yvonne Ejim,CAN,Canada,6,6,4,2,0,2,1,1,1,1,6,2,1,0,20.6,15,11,3.2,11.8,3,False,+34,34,0,1,1,0,0,3
2026-03-14,128108,Tara Wallack,CAN,Canada,6,6,2,4,1,0,2,0,3,1,7,2,1,0,14.4,6,9,1.3,4.7,2,False,+34,34,0,1,0,0,0,0
2026-03-14,128108,Niyah Becker,CAN,Canada,2,3,1,2,1,0,0,0,1,0,4,1,0,1,11.9,5,2,1.1,3.9,0,False,+34,34,0,0,1,0,0,0
2026-03-14,128108,Bridget Carleton,CAN,Canada,5,4,0,4,1,1,1,1,0,0,5,2,1,1,24.0,24,8,5.1,18.9,2,True,+34,34,0,1,0,1,0,0
2026-03-14,128108,Kia Nurse,CAN,Canada,3,2,0,2,2,0,0,1,0,0,5,1,1,1,14.9,21,2,4.4,16.6,0,True,+34,34,0,1,0,0,0,0
2026-03-14,128108,Sami Hill,CAN,Canada,7,2,1,1,4,0,0,0,4,4,5,1,1,3,22.1,15,6,3.2,11.8,0,False,+34,34,0,1,0,0,0,0
2026-03-14,128108,Shay Colley,CAN,Canada,13,1,0,1,5,1,0,1,3,6,6,3,1,2,18.1,21,15,4.4,16.6,1,True,+34,34,0,1,1,0,0,0
2026-03-14,128108,Shaina Pellington,CAN,Canada,9,2,1,1,1,0,0,3,2,1,7,4,0,1,17.7,13,7,2.8,10.2,0,False,+34,34,0,0,3,1,2,0
2026-03-14,128109,Nanako Todo,JPN,Japan,3,3,1,2,1,0,0,0,0,0,3,1,1,2,16.4,10,3,0.6,9.4,0,False,-8,-8,1,0,0,0,0,0
2026-03-14,128109,Yuki Miyazawa,JPN,Japan,11,4,1,3,1,0,0,2,0,0,8,4,3,1,20.5,-4,10,-0.2,-3.8,0,False,-8,-8,1,2,0,1,0,0
2026-03-14,128109,Minami Yabu,JPN,Japan,0,1,1,0,0,0,0,2,0,0,1,0,0,0,5.4,-1,0,-0.1,-0.9,0,False,-8,-8,0,0,0,0,0,0
2026-03-14,128109,Aika Hirashita,JPN,Japan,5,1,0,1,0,1,0,2,0,0,8,2,1,2,26.4,-18,-1,-1.1,-16.9,1,True,-8,-8,0,1,1,0,0,0
2026-03-14,128109,Kokoro Tanaka,JPN,Japan,6,2,0,2,4,0,0,4,3,0,7,3,0,2,23.7,-8,6,-0.5,-7.5,0,True,-8,-8,0,0,0,2,0,0
2026-03-14,128109,Mai Yamamoto,JPN,Japan,18,2,0,2,3,0,0,1,4,0,12,7,4,2,21.2,0,16,0.0,0.0,0,False,-8,-8,1,3,1,0,0,0
2026-03-14,128109,Rui Machida,JPN,Japan,5,2,0,2,5,0,0,0,1,0,6,2,1,0,24.2,-6,8,-0.4,-5.6,0,True,-8,-8,0,1,0,1,0,0
2026-03-14,128109,Ramu Tokashiki,JPN,Japan,7,2,0,2,2,0,2,1,4,1,5,3,0,2,22.4,-8,8,-0.5,-7.5,2,True,-8,-8,0,0,1,2,0,0
2026-03-14,128109,Maki Takada,JPN,Japan,9,6,2,4,2,1,0,2,4,2,9,3,1,0,25.4,-3,11,-0.2,-2.8,1,True,-8,-8,1,0,1,0,0,0
2026-03-14,128109,Stephanie Mawuli,JPN,Japan,3,2,0,2,0,1,1,0,1,0,3,1,1,0,10.8,3,5,0.2,2.8,2,False,-8,-8,0,1,0,0,0,0
2026-03-14,128109,Norika Konno,JPN,Japan,0,3,1,2,0,0,0,0,0,0,0,0,0,0,2.7,-1,3,-0.1,-0.9,0,False,-8,-8,0,0,0,0,0,0
2026-03-14,128109,Esra Ural Topuz,TUR,Türkiye,6,3,1,2,2,0,1,2,1,2,5,2,0,0,15.9,15,9,14.1,0.9,1,True,+8,8,0,0,0,0,0,0
2026-03-14,128109,Melek Uzunoglu,TUR,Türkiye,0,1,0,1,0,0,0,0,0,0,1,0,0,0,5.2,-1,0,-0.9,-0.1,0,False,+8,8,0,0,0,0,0,0
2026-03-14,128109,Kennedy Burke,TUR,Türkiye,25,9,2,7,1,2,0,1,2,1,17,10,4,1,35.2,6,29,5.6,0.4,2,True,+8,8,2,2,2,0,5,2
2026-03-14,128109,Sinem Atas,TUR,Türkiye,0,2,0,2,0,0,0,1,0,0,0,0,0,0,6.1,0,2,0.0,0.0,0,False,+8,8,0,0,0,0,0,0
2026-03-14,128109,Derin Erdogan,TUR,Türkiye,2,0,0,0,0,0,0,1,0,0,1,1,0,0,4.3,-3,2,-2.8,-0.2,0,False,+8,8,0,0,0,1,0,0
2026-03-14,128109,Zeynep Gul,TUR,Türkiye,0,0,0,0,0,0,0,1,0,0,2,0,0,0,2.8,-3,-2,-2.8,-0.2,0,False,+8,8,0,0,0,0,0,0
2026-03-14,128109,Elif Bayram,TUR,Türkiye,0,4,1,3,0,2,0,1,1,0,0,0,0,1,14.5,-5,5,-4.7,-0.3,2,False,+8,8,0,0,0,0,0,0
2026-03-14,128109,Alperi Onar,TUR,Türkiye,7,0,0,0,1,0,0,3,1,0,7,3,1,0,17.4,6,4,5.6,0.4,0,False,+8,8,0,1,0,0,0,0
2026-03-14,128109,Ayse Cora Yamaner,TUR,Türkiye,7,1,0,1,0,0,1,4,1,1,7,3,0,1,19.6,16,3,15.1,0.9,1,False,+8,8,0,0,2,0,0,0
2026-03-14,128109,Goksen Fitik,TUR,Türkiye,3,5,0,5,1,0,0,1,0,0,3,1,1,0,17.8,1,7,0.9,0.1,0,True,+8,8,0,1,0,0,0,0
2026-03-14,128109,Olcay Cakir,TUR,Türkiye,8,3,1,2,6,0,2,3,4,2,5,3,0,3,25.4,-3,13,-2.8,-0.2,2,True,+8,8,0,0,0,1,0,0
2026-03-14,128109,Sevgi Uzun,TUR,Türkiye,17,2,0,2,1,1,1,0,4,4,15,6,1,1,35.7,11,12,10.4,0.6,2,True,+8,8,0,1,1,2,2,0
2026-03-15,128110,Panka Dul,HUN,Hungary,0,0,0,0,0,1,0,0,0,0,2,0,0,0,2.0,-2,-1,-1.8,-0.2,1,False,+11,11,0,0,0,0,0,0
2026-03-15,128110,Yvonne Turner,HUN,Hungary,0,1,0,1,1,1,0,3,1,0,4,0,0,2,13.8,-4,-3,-3.5,-0.5,1,False,+11,11,0,0,0,0,0,0
2026-03-15,128110,Reka Lelik,HUN,Hungary,24,6,2,4,7,1,0,4,4,6,16,8,2,2,34.5,13,28,11.4,1.6,1,True,+11,11,0,2,2,1,0,0
2026-03-15,128110,Aliz Varga,HUN,Hungary,3,1,0,1,0,0,0,1,0,0,5,1,1,0,14.8,0,0,0.0,0.0,0,False,+11,11,1,0,0,0,0,0
2026-03-15,128110,Dorka Juhasz,HUN,Hungary,17,11,2,9,0,1,2,2,7,4,12,6,1,4,32.2,12,19,10.5,1.5,3,True,+11,11,0,1,1,0,0,0
2026-03-15,128110,Agnes Torok,HUN,Hungary,2,0,0,0,0,0,0,3,0,0,5,1,0,0,15.7,-7,-2,-6.1,-0.9,0,True,+11,11,0,0,1,0,0,0
2026-03-15,128110,Nina Aho,HUN,Hungary,9,2,1,1,5,0,0,3,2,2,7,3,1,1,29.1,4,11,3.5,0.5,0,True,+11,11,0,1,0,2,0,0
2026-03-15,128110,Debora Dubei,HUN,Hungary,9,1,0,1,1,1,0,3,2,3,3,3,0,2,28.0,14,9,12.3,1.7,1,True,+11,11,0,0,1,1,0,0
2026-03-15,128110,Reka Dombai,HUN,Hungary,19,2,0,2,2,0,0,2,0,0,11,7,5,1,27.4,8,18,7.0,1.0,0,False,+11,11,2,3,1,0,2,0
2026-03-15,128110,Virag Takacs-Kiss,HUN,Hungary,9,18,9,9,3,1,1,4,11,5,4,2,0,3,27.3,17,21,14.9,2.1,2,False,+11,11,0,0,2,0,0,2
2026-03-15,128110,Victoria Gauna,ARG,Argentina,8,2,0,2,0,0,1,2,2,2,7,3,0,0,24.2,9,7,1.1,7.9,1,True,-11,-11,0,0,0,0,2,0
2026-03-15,128110,Delfina Saravia,ARG,Argentina,0,1,0,1,0,0,0,3,2,0,2,0,0,1,22.8,-9,-2,-1.1,-7.9,0,True,-11,-11,0,0,0,0,0,0
2026-03-15,128110,Florencia Chagas,ARG,Argentina,19,4,1,3,3,2,0,5,2,0,19,7,5,1,39.8,-10,15,-1.2,-8.8,2,True,-11,-11,1,4,1,1,0,0
2026-03-15,128110,Candela Gentinetta,ARG,Argentina,5,4,0,4,0,0,0,1,3,3,1,1,0,3,13.9,-12,4,-1.5,-10.5,0,False,-11,-11,0,0,0,0,0,0
2026-03-15,128110,Melisa Gretter,ARG,Argentina,24,3,1,2,7,3,0,1,8,8,14,7,2,2,39.0,-13,28,-1.6,-11.4,3,True,-11,-11,0,2,1,2,0,0
2026-03-15,128110,Agostina Burani,ARG,Argentina,6,2,0,2,4,0,0,4,4,1,7,2,1,0,34.1,-4,7,-0.5,-3.5,0,True,-11,-11,0,1,0,0,0,0
2026-03-15,128110,Julieta Mungo,ARG,Argentina,4,5,0,5,0,0,1,5,0,0,5,2,0,0,21.2,-3,7,-0.4,-2.6,1,False,-11,-11,0,0,0,0,2,0
2026-03-15,128110,Diana Cabrera,ARG,Argentina,7,1,1,0,0,1,0,5,3,1,6,3,0,3,15.5,-11,3,-1.4,-9.6,1,False,-11,-11,0,0,1,0,0,2
2026-03-15,128110,Flor Martinez,ARG,Argentina,0,0,0,0,0,1,0,0,0,0,0,0,0,0,7.4,3,1,0.4,2.6,1,False,-11,-11,0,0,0,0,0,0
2026-03-15,128110,Amaiquen Siciliano,ARG,Argentina,5,0,0,0,1,0,0,1,1,2,2,1,1,1,6.1,-2,4,-0.2,-1.8,0,False,-11,-11,0,1,0,0,0,0
2026-03-15,128111,Esra Ural Topuz,TUR,Türkiye,2,8,3,5,1,0,2,3,0,0,3,1,0,1,16.7,1,10,0.3,0.7,2,True,-3,-3,0,0,0,0,0,0
2026-03-15,128111,Melek Uzunoglu,TUR,Türkiye,0,1,0,1,1,0,0,0,0,0,0,0,0,0,4.7,2,2,0.5,1.5,0,False,-3,-3,0,0,0,0,0,0
2026-03-15,128111,Kennedy Burke,TUR,Türkiye,17,5,0,5,0,2,1,0,6,7,14,5,0,2,32.7,-2,13,-0.5,-1.5,3,True,-3,-3,0,0,1,0,0,0
2026-03-15,128111,Sinem Atas,TUR,Türkiye,10,3,0,3,0,1,0,2,0,0,5,4,2,1,18.2,2,12,0.5,1.5,1,False,-3,-3,1,1,1,1,2,0
2026-03-15,128111,Derin Erdogan,TUR,Türkiye,4,3,1,2,4,0,0,2,1,2,3,1,0,4,16.6,0,5,0.0,0.0,0,False,-3,-3,0,0,0,1,0,0
2026-03-15,128111,Zeynep Gul,TUR,Türkiye,0,1,0,1,0,0,0,0,0,0,0,0,0,0,2.5,-6,1,-1.6,-4.4,0,False,-3,-3,0,0,0,0,0,0
2026-03-15,128111,Elif Bayram,TUR,Türkiye,2,3,0,3,0,1,0,3,5,0,2,1,0,0,20.2,-1,5,-0.3,-0.7,1,False,-3,-3,0,0,0,0,0,0
2026-03-15,128111,Ayse Cora Yamaner,TUR,Türkiye,3,2,1,1,1,1,1,3,1,1,4,1,0,0,14.7,-9,4,-2.5,-6.5,2,False,-3,-3,0,0,0,0,0,0
2026-03-15,128111,Goksen Fitik,TUR,Türkiye,2,0,0,0,0,0,0,3,0,0,2,1,0,1,15.8,4,0,1.1,2.9,0,True,-3,-3,0,0,0,0,0,0
2026-03-15,128111,Olcay Cakir,TUR,Türkiye,14,2,0,2,6,1,0,1,5,4,7,5,0,5,26.5,-11,16,-3.0,-8.0,1,True,-3,-3,0,0,0,1,2,0
2026-03-15,128111,Sevgi Uzun,TUR,Türkiye,20,2,0,2,3,2,0,4,3,2,19,8,2,2,31.4,5,14,1.4,3.6,2,True,-3,-3,1,1,0,1,0,0
2026-03-15,128111,Alex Wilson,AUS,Australia,14,2,0,2,5,0,0,0,4,4,9,4,2,4,31.4,3,10,2.2,0.8,0,True,+3,3,0,2,0,1,0,0
2026-03-15,128111,Sami Whitcomb,AUS,Australia,11,3,0,3,5,5,0,3,2,3,8,3,2,2,33.0,10,17,7.3,2.7,5,True,+3,3,1,1,0,0,2,0
2026-03-15,128111,Alexandra Fowler,AUS,Australia,0,2,1,1,1,1,0,2,0,0,1,0,0,0,5.2,-7,3,-5.1,-1.9,1,False,+3,3,0,0,0,0,0,0
2026-03-15,128111,Zitina Aokuso,AUS,Australia,5,1,0,1,1,0,0,1,2,1,4,2,0,1,13.4,-6,3,-4.4,-1.6,0,True,+3,3,0,0,0,0,0,0
2026-03-15,128111,Isobel Borlase,AUS,Australia,4,3,0,3,1,1,0,2,2,2,5,1,0,3,16.9,-6,2,-4.4,-1.6,1,False,+3,3,0,0,0,0,0,0
2026-03-15,128111,Cayla George,AUS,Australia,16,4,0,4,5,3,0,1,1,2,9,5,4,1,29.4,4,23,2.9,1.1,3,False,+3,3,0,4,0,1,9,0
2026-03-15,128111,Stephanie Reid,AUS,Australia,0,0,0,0,0,0,0,1,0,0,0,0,0,0,4.6,-3,0,-2.2,-0.8,0,False,+3,3,0,0,0,0,0,0
2026-03-15,128111,Alanna Smith,AUS,Australia,18,10,5,5,0,0,0,4,6,4,13,7,0,1,31.9,15,18,10.9,4.1,0,True,+3,3,0,0,1,0,0,4
2026-03-15,128111,Steph Talbot,AUS,Australia,9,3,0,3,1,3,2,3,4,3,8,3,0,1,27.6,3,12,2.2,0.8,5,True,+3,3,0,0,1,0,0,0
2026-03-15,128111,Jade Melbourne,AUS,Australia,0,0,0,0,1,1,0,4,0,0,0,0,0,2,6.5,2,0,1.5,0.5,1,False,+3,3,0,0,0,0,0,0
2026-03-15,128112,Aaliyah Edwards,CAN,Canada,22,15,6,9,2,2,0,3,9,6,11,8,0,4,29.9,-1,32,-0.3,-0.7,2,True,-4,-4,0,0,5,3,0,2
2026-03-15,128112,Kayla Alexander,CAN,Canada,12,8,5,3,0,1,0,0,5,2,10,5,0,4,31.9,-3,12,-1.0,-2.0,1,True,-4,-4,0,0,2,0,0,0
2026-03-15,128112,Yvonne Ejim,CAN,Canada,0,4,1,3,0,0,1,2,0,0,1,0,0,1,18.2,-4,3,-1.3,-2.7,1,False,-4,-4,0,0,0,0,0,0
2026-03-15,128112,Bridget Carleton,CAN,Canada,9,8,3,5,6,0,2,0,3,2,19,3,1,1,35.7,8,8,2.7,5.3,2,True,-4,-4,0,1,2,0,0,0
2026-03-15,128112,Kia Nurse,CAN,Canada,3,2,0,2,2,0,0,1,0,0,7,1,1,0,21.2,0,1,0.0,0.0,0,True,-4,-4,0,1,0,0,0,0
2026-03-15,128112,Sami Hill,CAN,Canada,0,2,0,2,2,0,1,2,0,0,3,0,0,1,23.1,-16,1,-5.3,-10.7,1,False,-4,-4,0,0,0,0,0,0
2026-03-15,128112,Shay Colley,CAN,Canada,12,5,2,3,4,1,1,4,1,0,11,5,2,1,27.3,5,16,1.7,3.3,2,True,-4,-4,0,2,2,0,4,0
2026-03-15,128112,Shaina Pellington,CAN,Canada,4,0,0,0,2,1,0,1,0,0,7,2,0,2,12.7,-9,0,-3.0,-6.0,1,False,-4,-4,0,0,1,1,2,0
2026-03-15,128112,Nanako Todo,JPN,Japan,0,1,0,1,0,0,0,3,2,0,3,0,0,0,20.4,-11,-2,-7.3,-3.7,0,True,+4,4,0,0,0,0,0,0
2026-03-15,128112,Yuki Miyazawa,JPN,Japan,5,6,1,5,3,1,1,3,2,2,5,1,1,0,21.4,4,12,2.7,1.3,2,False,+4,4,0,1,0,0,0,0
2026-03-15,128112,Minami Yabu,JPN,Japan,0,1,0,1,0,0,0,0,0,0,1,0,0,0,11.2,7,0,4.7,2.3,0,False,+4,4,0,0,0,0,0,0
2026-03-15,128112,Aika Hirashita,JPN,Japan,12,3,0,3,0,1,1,1,0,0,8,5,2,1,31.5,2,13,1.3,0.7,2,True,+4,4,0,2,1,1,4,0
2026-03-15,128112,Kokoro Tanaka,JPN,Japan,14,4,2,2,5,0,0,0,2,1,16,6,1,2,24.8,5,11,3.3,1.7,0,True,+4,4,0,1,4,0,0,2
2026-03-15,128112,Mai Yamamoto,JPN,Japan,16,2,2,0,2,2,0,0,4,4,11,5,2,1,19.9,2,13,1.3,0.7,2,False,+4,4,0,2,2,0,0,2
2026-03-15,128112,Azusa Asahina,JPN,Japan,0,0,0,0,0,0,0,3,0,0,0,0,0,0,3.0,7,0,4.7,2.3,0,False,+4,4,0,0,0,0,0,0
2026-03-15,128112,Ramu Tokashiki,JPN,Japan,6,1,1,0,2,0,2,3,0,0,4,3,0,0,14.7,-9,10,-6.0,-3.0,2,True,+4,4,0,0,2,1,0,2
2026-03-15,128112,Maki Takada,JPN,Japan,8,3,1,2,1,1,1,1,1,0,12,4,0,1,28.4,6,5,4.0,2.0,2,True,+4,4,0,0,0,1,0,0
2026-03-15,128112,Stephanie Mawuli,JPN,Japan,0,0,0,0,0,0,0,1,2,0,4,0,0,1,12.5,0,-5,0.0,0.0,0,False,+4,4,0,0,0,0,0,0
2026-03-15,128112,Norika Konno,JPN,Japan,5,2,1,1,1,1,0,3,0,0,3,2,1,1,12.2,7,7,4.7,2.3,1,False,+4,4,0,1,1,0,0,2
2026-03-17,128113,Esra Ural Topuz,TUR,Türkiye,4,2,2,0,0,0,0,0,0,0,2,2,0,0,4.8,3,6,0.7,2.3,0,True,-15,-15,0,0,2,0,0,2
2026-03-17,128113,Melek Uzunoglu,TUR,Türkiye,0,0,0,0,0,0,0,0,0,0,0,0,0,0,2.9,3,0,0.7,2.3,0,False,-15,-15,0,0,0,0,0,0
2026-03-17,128113,Kennedy Burke,TUR,Türkiye,10,6,1,5,0,1,0,1,6,4,10,3,0,5,27.7,-10,5,-2.3,-7.7,1,True,-15,-15,0,0,2,1,0,2
2026-03-17,128113,Sinem Atas,TUR,Türkiye,4,2,0,2,0,0,1,0,0,2,3,1,0,0,16.5,-2,5,-0.5,-1.5,1,False,-15,-15,0,0,1,0,2,0
2026-03-17,128113,Derin Erdogan,TUR,Türkiye,3,0,0,0,3,0,0,0,0,0,4,1,1,0,8.4,0,3,0.0,0.0,0,False,-15,-15,0,1,0,0,0,0
2026-03-17,128113,Zeynep Gul,TUR,Türkiye,5,2,0,2,0,0,0,5,1,1,3,2,0,0,12.3,-20,6,-4.6,-15.4,0,False,-15,-15,0,0,2,0,0,0
2026-03-17,128113,Elif Bayram,TUR,Türkiye,0,4,0,4,4,0,1,3,2,0,0,0,0,1,26.1,-1,8,-0.2,-0.8,1,False,-15,-15,0,0,0,0,0,0
2026-03-17,128113,Alperi Onar,TUR,Türkiye,12,0,0,0,3,0,0,2,1,2,8,4,2,4,24.9,-17,7,-3.9,-13.1,0,False,-15,-15,1,1,1,1,0,0
2026-03-17,128113,Ayse Cora Yamaner,TUR,Türkiye,6,1,0,1,0,0,0,2,3,3,1,1,1,0,9.3,-5,7,-1.2,-3.8,0,False,-15,-15,1,0,0,0,0,0
2026-03-17,128113,Goksen Fitik,TUR,Türkiye,11,0,0,0,2,0,0,2,1,1,6,4,2,1,19.6,-5,9,-1.2,-3.8,0,True,-15,-15,1,1,2,0,2,0
2026-03-17,128113,Olcay Cakir,TUR,Türkiye,4,2,2,0,3,1,1,3,0,0,4,2,0,2,19.0,-3,7,-0.7,-2.3,2,True,-15,-15,0,0,2,0,0,2
2026-03-17,128113,Sevgi Uzun,TUR,Türkiye,15,2,0,2,1,2,0,1,4,3,12,5,2,1,28.5,-18,11,-4.2,-13.8,2,True,-15,-15,1,1,3,0,2,0
2026-03-17,128113,Panka Dul,HUN,Hungary,0,0,0,0,0,0,0,2,0,0,0,0,0,0,3.5,4,0,3.1,0.9,0,False,+15,15,0,0,0,0,0,0
2026-03-17,128113,Yvonne Turner,HUN,Hungary,8,1,0,1,1,2,0,0,1,2,7,3,0,2,15.0,-3,6,-2.3,-0.7,2,False,+15,15,0,0,0,2,0,0
2026-03-17,128113,Reka Lelik,HUN,Hungary,10,8,2,6,8,5,0,1,5,0,9,5,0,1,31.2,8,26,6.2,1.8,5,True,+15,15,0,0,4,0,4,0
2026-03-17,128113,Aliz Varga,HUN,Hungary,4,1,0,1,0,0,0,2,0,0,2,2,0,0,10.0,-4,5,-3.1,-0.9,0,False,+15,15,0,0,0,2,0,0
2026-03-17,128113,Dorka Juhasz,HUN,Hungary,24,9,3,6,5,2,0,1,7,4,18,9,2,0,34.5,31,30,23.8,7.2,2,True,+15,15,0,2,5,2,2,2
2026-03-17,128113,Agnes Torok,HUN,Hungary,0,0,0,0,1,0,0,2,0,0,1,0,0,0,6.6,-2,0,-1.5,-0.5,0,True,+15,15,0,0,0,0,0,0
2026-03-17,128113,Nina Aho,HUN,Hungary,9,1,1,0,7,1,0,4,0,0,7,4,1,1,25.0,14,14,10.8,3.2,1,True,+15,15,0,1,3,0,0,0
2026-03-17,128113,Debora Dubei,HUN,Hungary,16,2,0,2,1,0,0,3,0,0,7,6,4,0,28.0,26,18,20.0,6.0,0,True,+15,15,2,2,1,1,5,0
2026-03-17,128113,Reka Dombai,HUN,Hungary,1,2,1,1,1,0,0,2,1,1,2,0,0,1,17.2,-4,0,-3.1,-0.9,0,False,+15,15,0,0,0,0,0,0
2026-03-17,128113,Virag Takacs-Kiss,HUN,Hungary,17,7,3,4,1,0,1,1,5,4,14,6,1,1,28.9,5,17,3.8,1.2,1,False,+15,15,0,1,4,0,0,0
2026-03-17,128114,Nanako Todo,JPN,Japan,9,3,0,3,1,1,0,3,3,4,6,2,1,0,22.6,18,9,8.8,9.2,1,True,+44,44,0,1,1,0,0,0
2026-03-17,128114,Yuki Miyazawa,JPN,Japan,3,2,0,2,3,0,0,0,2,0,1,1,1,2,14.9,13,6,6.3,6.7,0,False,+44,44,0,1,0,0,0,0
2026-03-17,128114,Minami Yabu,JPN,Japan,3,0,0,0,0,2,0,1,0,0,2,1,1,0,9.9,12,4,5.8,6.2,2,False,+44,44,0,1,0,0,0,0
2026-03-17,128114,Aika Hirashita,JPN,Japan,17,5,2,3,2,0,0,1,2,2,8,5,5,1,25.9,26,20,12.7,13.3,0,True,+44,44,1,4,0,0,0,0
2026-03-17,128114,Kokoro Tanaka,JPN,Japan,4,1,0,1,3,1,1,2,1,2,5,1,0,2,14.9,16,4,7.8,8.2,2,True,+44,44,0,0,0,1,0,0
2026-03-17,128114,Mai Yamamoto,JPN,Japan,10,3,0,3,8,1,0,1,3,2,6,3,2,2,21.9,32,16,15.6,16.4,1,False,+44,44,0,2,0,0,3,0
2026-03-17,128114,Azusa Asahina,JPN,Japan,7,1,0,1,0,0,0,3,2,2,4,2,1,2,15.4,18,4,8.8,9.2,0,False,+44,44,0,1,0,0,0,0
2026-03-17,128114,Ramu Tokashiki,JPN,Japan,8,4,0,4,1,1,0,0,7,6,2,1,0,0,14.4,18,13,8.8,9.2,1,True,+44,44,0,0,1,0,0,0
2026-03-17,128114,Maki Takada,JPN,Japan,2,5,1,4,1,0,0,4,0,0,2,1,0,1,17.4,29,6,14.1,14.9,0,True,+44,44,0,0,0,1,0,0
2026-03-17,128114,Stephanie Mawuli,JPN,Japan,8,1,0,1,0,2,0,2,1,1,3,3,1,0,17.9,10,11,4.9,5.1,2,False,+44,44,0,1,1,1,0,0
2026-03-17,128114,Norika Konno,JPN,Japan,12,2,2,0,2,2,1,1,1,2,9,4,2,1,24.9,28,13,13.6,14.4,3,False,+44,44,1,1,0,0,2,0
2026-03-17,128114,Victoria Gauna,ARG,Argentina,6,2,1,1,0,0,0,1,1,2,4,2,0,2,11.2,-17,4,-8.7,-8.3,0,True,-44,-44,0,0,0,1,0,0
2026-03-17,128114,Delfina Saravia,ARG,Argentina,0,1,0,1,2,2,0,1,0,0,1,0,0,0,18.5,-16,4,-8.2,-7.8,2,True,-44,-44,0,0,0,0,0,0
2026-03-17,128114,Florencia Chagas,ARG,Argentina,3,1,0,1,1,0,0,3,1,0,6,1,1,2,24.7,-30,-2,-15.4,-14.6,0,True,-44,-44,0,1,0,0,0,0
2026-03-17,128114,Candela Gentinetta,ARG,Argentina,3,8,5,3,2,0,0,4,3,3,5,0,0,1,15.9,-20,6,-10.3,-9.7,0,False,-44,-44,0,0,0,0,0,0
2026-03-17,128114,Melisa Gretter,ARG,Argentina,5,1,0,1,2,2,0,2,4,2,8,1,1,3,34.2,-32,-2,-16.4,-15.6,2,True,-44,-44,0,1,0,0,0,0
2026-03-17,128114,Agostina Burani,ARG,Argentina,7,5,2,3,1,2,0,3,6,0,8,3,1,1,26.3,-26,9,-13.3,-12.7,2,True,-44,-44,1,0,0,1,0,3
2026-03-17,128114,Julieta Mungo,ARG,Argentina,6,1,0,1,0,0,2,1,1,0,7,2,2,0,19.2,-20,4,-10.3,-9.7,2,False,-44,-44,0,2,0,0,0,0
2026-03-17,128114,Diana Cabrera,ARG,Argentina,4,5,1,4,1,0,0,1,1,0,7,2,0,2,20.5,-19,1,-9.8,-9.2,0,False,-44,-44,0,0,1,0,0,0
2026-03-17,128114,Laila Raviolo,ARG,Argentina,2,1,1,0,0,0,0,0,0,0,4,1,0,2,11.6,-22,-2,-11.3,-10.7,0,False,-44,-44,0,0,0,0,0,0
2026-03-17,128114,Flor Martinez,ARG,Argentina,0,0,0,0,0,0,0,5,0,0,0,0,0,0,6.1,-3,0,-1.5,-1.5,0,False,-44,-44,0,0,0,0,0,0
2026-03-17,128114,Amaiquen Siciliano,ARG,Argentina,3,1,1,0,1,0,0,1,1,0,2,1,1,2,11.8,-15,2,-7.7,-7.3,0,False,-44,-44,0,1,0,0,0,0
2026-03-17,128115,Chloe Bibby,AUS,Australia,8,7,2,5,0,0,0,0,2,1,7,3,1,0,22.9,5,10,4.0,1.0,0,False,+6,6,0,1,0,1,0,0
2026-03-17,128115,Alex Wilson,AUS,Australia,8,0,0,0,3,0,1,0,1,0,4,3,2,1,21.0,-3,10,-2.4,-0.6,1,True,+6,6,0,2,1,0,0,0
2026-03-17,128115,Sami Whitcomb,AUS,Australia,23,1,0,1,5,0,1,0,2,2,12,8,5,1,29.8,1,24,0.8,0.2,1,True,+6,6,1,4,0,0,0,0
2026-03-17,128115,Alexandra Fowler,AUS,Australia,2,4,1,3,1,1,0,3,0,2,0,0,0,0,17.5,5,8,4.0,1.0,1,False,+6,6,0,0,0,0,0,0
2026-03-17,128115,Zitina Aokuso,AUS,Australia,3,6,2,4,0,1,0,2,2,1,4,1,0,6,14.7,7,1,5.6,1.4,1,False,+6,6,0,0,0,0,0,2
2026-03-17,128115,Isobel Borlase,AUS,Australia,13,2,0,2,2,0,0,2,2,2,11,5,1,2,21.7,5,9,4.0,1.0,0,True,+6,6,1,0,1,0,0,0
2026-03-17,128115,Cayla George,AUS,Australia,6,5,0,5,3,2,0,3,2,0,10,2,2,1,22.8,-1,7,-0.8,-0.2,2,True,+6,6,0,2,0,0,0,0
2026-03-17,128115,Stephanie Reid,AUS,Australia,0,1,1,0,1,0,0,0,0,0,3,0,0,0,2.6,3,-1,2.4,0.6,0,False,+6,6,0,0,0,0,0,0
2026-03-17,128115,Alanna Smith,AUS,Australia,12,8,3,5,3,2,0,4,5,1,10,5,1,3,27.0,-1,16,-0.8,-0.2,2,True,+6,6,0,1,0,0,0,0
2026-03-17,128115,Jade Melbourne,AUS,Australia,7,2,1,1,3,0,0,4,2,2,4,2,1,1,20.0,9,7,7.2,1.8,0,False,+6,6,0,1,0,0,0,2
2026-03-17,128115,Aaliyah Edwards,CAN,Canada,12,4,1,3,0,2,0,4,2,0,9,6,0,1,27.0,10,14,2.0,8.0,2,True,-6,-6,0,0,1,2,2,0
2026-03-17,128115,Kayla Alexander,CAN,Canada,26,13,5,8,1,1,1,2,3,1,16,12,1,0,33.4,-5,37,-1.0,-4.0,2,True,-6,-6,0,1,3,2,0,4
2026-03-17,128115,Yvonne Ejim,CAN,Canada,2,2,0,2,2,0,1,1,2,2,0,0,0,1,17.4,-12,4,-2.5,-9.5,1,False,-6,-6,0,0,0,0,0,0
2026-03-17,128115,Tara Wallack,CAN,Canada,0,0,0,0,0,0,0,1,1,0,2,0,0,0,2.2,-5,-2,-1.0,-4.0,0,False,-6,-6,0,0,0,0,0,0
2026-03-17,128115,Bridget Carleton,CAN,Canada,17,4,0,4,1,1,0,4,3,2,14,7,1,1,38.6,-1,15,-0.2,-0.8,1,True,-6,-6,1,0,0,3,2,0
2026-03-17,128115,Kia Nurse,CAN,Canada,3,2,0,2,0,1,0,1,1,0,6,1,1,1,20.4,-2,0,-0.4,-1.6,1,True,-6,-6,1,0,0,0,0,0
2026-03-17,128115,Sami Hill,CAN,Canada,2,1,1,0,2,0,1,1,1,2,1,0,0,0,8.0,-8,5,-1.6,-6.4,1,False,-6,-6,0,0,0,0,0,0
2026-03-17,128115,Shay Colley,CAN,Canada,6,6,1,5,10,1,1,2,1,0,12,3,0,5,31.6,-3,10,-0.6,-2.4,2,True,-6,-6,0,0,0,0,2,0
2026-03-17,128115,Shaina Pellington,CAN,Canada,8,1,1,0,3,2,1,2,4,0,11,4,0,0,21.3,-4,6,-0.8,-3.2,3,False,-6,-6,0,0,1,1,0,0
