gameId,pId,PM,Starter,AS,BS,DR,FD,FG2A,FG2M,FG2P,FG3A,FG3M,FG3P,FGA,FGM,FTA,FTM,FTP,OR,PF,PTS,REB,ST,TO,EFF,FGIA,FGIM,FGIP,TP,teamId,nationality,uniformNumber,name,10+ ppg,FGP,mins,secs,MP
128101,259435,-6,False,2,0,3,1,2,2,1.0,3,1,0.333,5,3,0,0,,0,2,7,3,0,1,9,2,2,100.0,15:31,85,Japan,75.0,Nanako Todo,0,0.6,15,31,15.5
128101,181762,-2,False,4,1,7,0,1,0,0.0,5,1,0.2,6,1,0,0,,1,3,3,8,2,1,12,1,0,0.0,24:28,85,Japan,52.0,Yuki Miyazawa,0,0.167,24,28,24.5
128101,323304,0,False,0,0,0,0,0,0,,0,0,,0,0,0,0,,0,0,0,0,0,0,0,0,0,0.0,3:37,85,Japan,37.0,Minami Yabu,0,,3,37,3.6
128101,240137,-2,True,1,0,0,1,5,3,0.6,6,2,0.333,11,5,0,0,,0,0,12,0,0,0,7,3,2,66.7,20:41,85,Japan,31.0,Aika Hirashita,1,0.455,20,41,20.7
128101,318293,6,True,2,0,0,2,4,0,0.0,9,4,0.444,13,4,2,1,0.5,2,2,13,2,2,1,8,2,0,0.0,17:17,85,Japan,26.0,Kokoro Tanaka,1,0.308,17,17,17.3
128101,218949,-17,False,4,0,2,2,5,3,0.6,7,3,0.429,12,6,0,0,,0,2,15,2,3,3,15,4,3,75.0,22:41,85,Japan,23.0,Mai Yamamoto,1,0.5,22,41,22.7
128101,324737,-3,False,2,0,2,0,1,1,1.0,1,1,1.0,2,2,0,0,,0,4,5,2,0,1,8,1,1,100.0,12:25,85,Japan,14.0,Azusa Asahina,0,1.0,12,25,12.4
128101,189546,-7,True,5,0,4,4,0,0,,1,1,1.0,1,1,0,0,,0,4,3,4,0,2,10,0,0,0.0,19:39,85,Japan,13.0,Rui Machida,0,1.0,19,39,19.6
128101,166703,-3,True,0,0,0,3,3,1,0.333,1,0,0.0,4,1,0,0,,0,3,2,0,0,1,-2,2,1,50.0,18:31,85,Japan,10.0,Ramu Tokashiki,0,0.25,18,31,18.5
128101,176909,-13,True,1,0,1,2,4,1,0.25,2,0,0.0,6,1,0,0,,1,4,2,2,2,2,0,2,0,0.0,23:44,85,Japan,8.0,Maki Takada,0,0.167,23,44,23.7
128101,208014,-6,False,0,0,0,2,1,0,0.0,0,0,,1,0,0,0,,0,0,0,0,0,2,-3,0,0,0.0,9:11,85,Japan,3.0,Stephanie Mawuli,0,0.0,9,11,9.2
128101,259416,-7,False,1,0,0,0,1,0,0.0,2,1,0.5,3,1,0,0,,0,1,3,0,0,0,2,1,0,0.0,12:15,85,Japan,2.0,Norika Konno,0,0.333,12,15,12.2
128101,301871,0,False,0,0,0,0,0,0,,0,0,,0,0,0,0,,0,0,0,0,0,0,0,0,0,0.0,0:0,75,Hungary,42.0,Petra Toman,0,,0,0,0.0
128101,226441,-2,False,1,0,0,0,0,0,,2,0,0.0,2,0,0,0,,1,1,0,1,1,0,1,0,0,0.0,9:56,75,Hungary,33.0,Panka Dul,0,0.0,9,56,9.9
128101,186040,11,False,3,1,6,12,5,3,0.6,3,1,0.333,8,4,10,8,0.8,0,1,17,6,1,2,20,4,3,75.0,22:54,75,Hungary,22.0,Yvonne Turner,1,0.5,22,54,22.9
128101,211291,15,True,8,0,4,2,4,2,0.5,5,2,0.4,9,4,0,0,,0,3,10,4,0,4,13,3,1,33.3,28:7,75,Hungary,21.0,Reka Lelik,1,0.444,28,7,28.1
128101,226454,8,False,0,0,4,0,4,1,0.25,0,0,,4,1,0,0,,2,4,2,6,0,0,5,1,0,0.0,17:36,75,Hungary,18.0,Aliz Varga,0,0.25,17,36,17.6
128101,219323,9,True,2,1,5,8,18,14,0.778,4,1,0.25,22,15,6,4,0.667,4,0,35,9,1,1,38,15,12,80.0,25:42,75,Hungary,14.0,Dorka Juhasz,1,0.682,25,42,25.7
128101,211298,-2,True,1,0,2,0,3,0,0.0,1,0,0.0,4,0,0,0,,0,0,0,2,0,1,-2,2,0,0.0,15:3,75,Hungary,13.0,Agnes Torok,0,0.0,15,3,15.0
128101,322804,0,False,0,0,0,0,0,0,,0,0,,0,0,0,0,,0,0,0,0,0,0,0,0,0,0.0,0:0,75,Hungary,11.0,Kinga Josepovits,0,,0,0,0.0
128101,196468,5,True,5,0,1,2,3,1,0.333,1,0,0.0,4,1,0,0,,0,2,2,1,2,2,5,3,1,33.3,21:25,75,Hungary,10.0,Nina Aho,0,0.25,21,25,21.4
128101,196471,-7,True,0,0,3,0,2,1,0.5,2,0,0.0,4,1,0,0,,0,2,2,3,1,0,3,1,0,0.0,23:46,75,Hungary,4.0,Debora Dubei,0,0.25,23,46,23.8
128101,237943,14,False,3,0,2,0,3,1,0.333,1,1,1.0,4,2,0,0,,0,3,5,2,2,1,9,2,1,50.0,13:52,75,Hungary,3.0,Reka Dombai,0,0.5,13,52,13.9
128101,204217,9,False,3,2,3,1,4,2,0.5,1,0,0.0,5,2,0,0,,5,1,4,8,1,4,11,2,1,50.0,21:39,75,Hungary,2.0,Virag Takacs-Kiss,0,0.4,21,39,21.6
128102,250669,0,False,0,0,0,0,0,0,,0,0,,0,0,0,0,,0,0,0,0,0,0,0,0,0,0.0,0:0,34,Canada,25.0,Faith Dut,0,,0,0,0.0
128102,215167,0,True,2,2,3,7,8,4,0.5,0,0,,8,4,6,2,0.333,3,1,10,6,1,0,13,8,4,50.0,27:15,34,Canada,24.0,Aaliyah Edwards,1,0.5,27,15,27.2
128102,161433,-4,True,3,0,6,0,7,0,0.0,0,0,,7,0,0,0,,1,3,0,7,1,3,1,4,0,0.0,18:20,34,Canada,14.0,Kayla Alexander,0,0.0,18,20,18.3
128102,235589,-1,False,0,0,0,0,0,0,,2,0,0.0,2,0,0,0,,0,1,0,0,0,0,-2,0,0,0.0,3:48,34,Canada,13.0,Merissah Russell,0,0.0,3,48,3.8
128102,172742,6,False,1,2,2,0,5,2,0.4,3,3,1.0,8,5,0,0,,6,2,13,8,0,2,19,5,2,40.0,28:6,34,Canada,9.0,Yvonne Ejim,1,0.625,28,6,28.1
128102,266912,-6,False,0,0,0,0,1,1,1.0,0,0,,1,1,0,0,,1,1,2,1,0,1,2,1,1,100.0,6:19,34,Canada,8.0,Tara Wallack,0,1.0,6,19,6.3
128102,217042,0,False,0,0,0,0,0,0,,0,0,,0,0,0,0,,0,0,0,0,0,0,0,0,0,0.0,0:0,34,Canada,7.0,Niyah Becker,0,,0,0,0.0
128102,203119,-1,True,2,0,4,4,8,5,0.625,4,2,0.5,12,7,9,8,0.889,1,2,24,5,1,3,23,6,3,50.0,36:12,34,Canada,6.0,Bridget Carleton,1,0.583,36,12,36.2
128102,188565,-8,True,0,0,1,3,5,1,0.2,8,2,0.25,13,3,4,4,1.0,0,2,12,1,1,1,3,4,1,25.0,25:52,34,Canada,5.0,Kia Nurse,1,0.231,25,52,25.9
128102,188714,5,False,1,0,0,1,2,0,0.0,2,0,0.0,4,0,0,0,,1,2,0,1,1,0,-1,1,0,0.0,13:52,34,Canada,4.0,Sami Hill,0,0.0,13,52,13.9
128102,196900,-13,True,2,0,0,0,4,0,0.0,3,1,0.333,7,1,0,0,,1,4,3,1,0,0,0,2,0,0.0,20:16,34,Canada,2.0,Shay Colley,0,0.143,20,16,20.3
128102,217051,12,False,8,0,4,3,7,2,0.286,0,0,,7,2,4,1,0.25,0,1,5,4,1,0,10,6,2,33.3,20:0,34,Canada,1.0,Shaina Pellington,0,0.286,20,0,20.0
128102,155919,10,True,2,2,2,0,3,3,1.0,0,0,,3,3,0,0,,0,2,6,2,1,1,12,3,3,100.0,12:22,152,Türkiye,33.0,Esra Ural Topuz,0,1.0,12,22,12.4
128102,237754,-3,False,0,0,0,0,0,0,,0,0,,0,0,0,0,,0,0,0,0,0,0,0,0,0,0.0,1:44,152,Türkiye,30.0,Melek Uzunoglu,0,,1,44,1.7
128102,203508,1,True,1,2,8,2,10,3,0.3,9,2,0.222,19,5,4,4,1.0,3,2,16,11,2,2,16,9,2,22.2,32:46,152,Türkiye,22.0,Kennedy Burke,1,0.263,32,46,32.8
128102,191628,4,False,1,0,0,0,0,0,,1,0,0.0,1,0,0,0,,0,1,0,0,1,1,0,0,0,0.0,5:30,152,Türkiye,20.0,Sinem Atas,0,0.0,5,30,5.5
128102,226823,-17,False,1,0,2,2,4,2,0.5,1,0,0.0,5,2,2,1,0.5,0,2,5,2,0,0,4,2,2,100.0,16:10,152,Türkiye,17.0,Derin Erdogan,0,0.4,16,10,16.2
128102,219676,-5,False,0,0,1,1,1,0,0.0,0,0,,1,0,0,0,,0,0,0,1,1,2,-1,0,0,0.0,9:9,152,Türkiye,12.0,Zeynep Gul,0,0.0,9,9,9.2
128102,237757,-3,False,0,0,4,1,3,3,1.0,0,0,,3,3,0,0,,3,3,6,7,0,1,12,3,3,100.0,18:29,152,Türkiye,11.0,Elif Bayram,0,1.0,18,29,18.5
128102,196247,-11,False,4,0,1,2,4,3,0.75,2,0,0.0,6,3,4,3,0.75,0,0,9,1,1,1,10,2,2,100.0,24:12,152,Türkiye,10.0,Alperi Onar,0,0.5,24,12,24.2
128102,168017,0,False,0,0,0,0,0,0,,0,0,,0,0,0,0,,0,0,0,0,0,0,0,0,0,0.0,0:0,152,Türkiye,8.0,Ayse Cora Yamaner,0,,0,0,0.0
128102,226825,12,True,1,0,4,2,2,2,1.0,4,0,0.0,6,2,3,1,0.333,0,3,5,4,0,1,3,1,1,100.0,20:48,152,Türkiye,6.0,Goksen Fitik,0,0.333,20,48,20.8
128102,168020,19,True,4,0,3,8,7,4,0.571,0,0,,7,4,8,4,0.5,1,4,12,4,0,2,11,5,3,60.0,24:25,152,Türkiye,4.0,Olcay Cakir,1,0.571,24,25,24.4
128102,196252,3,True,3,2,4,1,10,6,0.6,0,0,,10,6,0,0,,0,1,12,4,0,3,14,4,2,50.0,34:25,152,Türkiye,2.0,Sevgi Uzun,1,0.6,34,25,34.4
128103,221606,-31,True,0,0,1,2,4,1,0.25,2,0,0.0,6,1,0,0,,2,3,2,3,0,2,-2,3,1,33.3,21:24,14,Argentina,23.0,Victoria Gauna,0,0.167,21,24,21.4
128103,159332,-7,True,1,0,0,2,4,2,0.5,4,1,0.25,8,3,2,1,0.5,1,1,8,1,1,2,3,1,0,0.0,16:51,14,Argentina,20.0,Macarena D'urso,0,0.375,16,51,16.8
128103,277271,-10,False,0,0,0,0,0,0,,0,0,,0,0,0,0,,0,0,0,0,0,1,-1,0,0,0.0,2:24,14,Argentina,19.0,Delfina Saravia,0,,2,24,2.4
128103,214723,-9,True,0,0,0,1,5,1,0.2,9,5,0.556,14,6,0,0,,0,2,17,0,3,1,11,3,1,33.3,23:23,14,Argentina,14.0,Florencia Chagas,1,0.429,23,23,23.4
128103,221605,-19,False,0,0,2,2,1,0,0.0,0,0,,1,0,4,2,0.5,1,1,2,3,0,0,2,1,0,0.0,10:46,14,Argentina,13.0,Candela Gentinetta,0,0.0,10,46,10.8
128103,163689,-6,True,6,0,6,4,4,2,0.5,0,0,,4,2,0,0,,1,2,4,7,3,2,16,1,0,0.0,25:52,14,Argentina,11.0,Melisa Gretter,0,0.5,25,52,25.9
128103,153423,-5,True,2,0,4,3,4,2,0.5,2,0,0.0,6,2,4,4,1.0,1,2,8,5,2,1,12,3,2,66.7,24:24,14,Argentina,10.0,Agostina Burani,0,0.333,24,24,24.4
128103,200337,-7,False,2,0,2,2,0,0,,10,5,0.5,10,5,2,2,1.0,0,2,17,2,2,0,18,0,0,0.0,25:14,14,Argentina,9.0,Julieta Mungo,1,0.5,25,14,25.2
128103,170619,-1,False,1,0,1,1,2,1,0.5,0,0,,2,1,2,1,0.5,1,4,3,2,0,0,4,2,1,50.0,15:29,14,Argentina,7.0,Diana Cabrera,0,0.5,15,29,15.5
128103,215179,-5,False,0,0,0,0,1,1,1.0,1,0,0.0,2,1,0,0,,0,0,2,0,0,0,1,1,1,100.0,6:27,14,Argentina,6.0,Laila Raviolo,0,0.5,6,27,6.4
128103,176450,-14,False,2,0,1,1,0,0,,1,0,0.0,1,0,0,0,,0,3,0,1,0,3,-1,0,0,0.0,14:31,14,Argentina,5.0,Flor Martinez,0,0.0,14,31,14.5
128103,214715,-16,False,3,0,0,1,2,0,0.0,3,0,0.0,5,0,2,2,1.0,0,4,2,0,1,2,-1,0,0,0.0,13:15,14,Argentina,4.0,Amaiquen Siciliano,0,0.0,13,15,13.2
128103,205418,10,False,0,0,1,0,2,2,1.0,2,0,0.0,4,2,0,0,,0,0,4,1,1,0,4,1,1,100.0,6:13,16,Australia,55.0,Chloe Bibby,0,0.5,6,13,6.2
128103,181326,-10,True,2,0,3,2,0,0,,4,2,0.5,4,2,2,2,1.0,1,1,8,4,0,2,10,0,0,0.0,15:32,16,Australia,44.0,Alex Wilson,0,0.5,15,32,15.5
128103,191935,4,True,0,0,2,1,1,0,0.0,7,2,0.286,8,2,0,0,,2,2,6,4,0,1,3,1,0,0.0,22:35,16,Australia,32.0,Sami Whitcomb,0,0.25,22,35,22.6
128103,236147,-7,False,2,0,2,1,0,0,,3,1,0.333,3,1,2,1,0.5,0,0,4,2,0,1,4,0,0,0.0,12:51,16,Australia,23.0,Alexandra Fowler,0,0.333,12,51,12.8
128103,229038,12,False,2,0,1,2,1,1,1.0,0,0,,1,1,3,2,0.667,0,0,4,1,1,0,7,1,1,100.0,9:3,16,Australia,22.0,Zitina Aokuso,0,1.0,9,3,9.0
128103,271348,18,False,1,0,2,3,3,3,1.0,5,3,0.6,8,6,5,4,0.8,0,2,19,2,0,1,18,3,3,100.0,16:57,16,Australia,20.0,Isobel Borlase,1,0.75,16,57,17.0
128103,151395,12,False,2,0,4,5,1,1,1.0,1,0,0.0,2,1,2,1,0.5,0,1,3,4,0,2,5,1,1,100.0,18:23,16,Australia,15.0,Cayla George,0,0.5,18,23,18.4
128103,216865,20,True,2,1,3,5,4,4,1.0,2,1,0.5,6,5,6,5,0.833,4,4,16,7,3,0,27,4,4,100.0,22:23,16,Australia,13.0,Ezi Magbegor,1,0.833,22,23,22.4
128103,252289,25,False,3,0,1,1,1,1,1.0,2,1,0.5,3,2,0,0,,0,3,5,1,0,0,8,1,1,100.0,12:36,16,Australia,12.0,Stephanie Reid,0,0.667,12,36,12.6
128103,194496,7,True,5,0,7,1,4,2,0.5,2,0,0.0,6,2,0,0,,0,2,4,7,1,3,10,4,2,50.0,20:32,16,Australia,11.0,Alanna Smith,0,0.333,20,32,20.5
128103,176788,17,True,4,1,2,0,6,3,0.5,4,0,0.0,10,3,0,0,,1,1,6,3,1,2,6,6,3,50.0,23:34,16,Australia,6.0,Steph Talbot,0,0.3,23,34,23.6
128103,239719,22,False,3,0,0,3,4,2,0.5,2,2,1.0,6,4,2,2,1.0,1,3,12,1,0,3,11,4,2,50.0,19:21,16,Australia,2.0,Jade Melbourne,1,0.667,19,21,19.4
128104,301871,-4,False,1,0,0,0,0,0,,0,0,,0,0,0,0,,0,0,0,0,0,1,0,0,0,0.0,8:5,75,Hungary,42.0,Petra Toman,0,,8,5,8.1
128104,226441,6,False,1,1,1,0,3,1,0.333,1,0,0.0,4,1,0,0,,0,3,2,1,3,2,3,2,1,50.0,19:2,75,Hungary,33.0,Panka Dul,0,0.25,19,2,19.0
128104,186040,-19,False,3,0,1,3,1,0,0.0,1,0,0.0,2,0,0,0,,0,2,0,1,0,4,-2,1,0,0.0,20:13,75,Hungary,22.0,Yvonne Turner,0,0.0,20,13,20.2
128104,211291,-11,True,5,0,0,3,2,0,0.0,1,0,0.0,3,0,0,0,,0,1,0,0,0,2,0,1,0,0.0,14:50,75,Hungary,21.0,Reka Lelik,0,0.0,14,50,14.8
128104,226454,6,False,0,0,3,0,1,1,1.0,3,1,0.333,4,2,0,0,,0,1,5,3,0,1,5,1,1,100.0,12:59,75,Hungary,18.0,Aliz Varga,0,0.5,12,59,13.0
128104,219323,-12,True,1,1,8,4,11,3,0.273,2,1,0.5,13,4,6,4,0.667,1,1,13,9,0,2,11,4,1,25.0,24:59,75,Hungary,14.0,Dorka Juhasz,1,0.308,24,59,25.0
128104,211298,-18,False,0,0,1,0,2,0,0.0,0,0,,2,0,0,0,,0,3,0,1,0,0,-1,1,0,0.0,11:16,75,Hungary,13.0,Agnes Torok,0,0.0,11,16,11.3
128104,322804,3,False,1,0,1,0,4,3,0.75,1,0,0.0,5,3,0,0,,0,0,6,1,0,0,6,4,3,75.0,4:0,75,Hungary,11.0,Kinga Josepovits,0,0.6,4,0,4.0
128104,196468,-12,True,2,0,4,2,3,2,0.667,3,0,0.0,6,2,0,0,,1,1,4,5,1,0,8,1,0,0.0,19:26,75,Hungary,10.0,Nina Aho,0,0.333,19,26,19.4
128104,196471,-6,True,2,0,1,3,3,1,0.333,7,3,0.429,10,4,0,0,,0,3,11,1,2,2,8,2,1,50.0,23:21,75,Hungary,4.0,Debora Dubei,1,0.4,23,21,23.4
128104,237943,-20,False,0,0,1,3,1,0,0.0,2,0,0.0,3,0,4,4,1.0,0,2,4,1,0,3,-1,1,0,0.0,15:3,75,Hungary,3.0,Reka Dombai,0,0.0,15,3,15.0
128104,204217,-23,True,0,0,2,3,9,3,0.333,0,0,,9,3,2,2,1.0,3,0,8,5,0,0,7,6,2,33.3,26:46,75,Hungary,2.0,Virag Takacs-Kiss,0,0.333,26,46,26.8
128104,250669,-3,False,0,0,1,0,3,3,1.0,0,0,,3,3,0,0,,0,0,6,1,0,0,7,3,3,100.0,4:11,34,Canada,25.0,Faith Dut,0,1.0,4,11,4.2
128104,215167,16,True,0,1,5,6,7,3,0.429,1,0,0.0,8,3,2,2,1.0,0,3,8,5,1,4,6,5,3,60.0,26:38,34,Canada,24.0,Aaliyah Edwards,0,0.375,26,38,26.6
128104,161433,23,True,0,0,7,2,10,4,0.4,1,0,0.0,11,4,1,1,1.0,5,1,9,12,4,0,18,8,4,50.0,24:29,34,Canada,14.0,Kayla Alexander,0,0.364,24,29,24.5
128104,235589,1,False,0,0,1,0,0,0,,4,0,0.0,4,0,0,0,,1,2,0,2,1,1,-2,0,0,0.0,6:27,34,Canada,13.0,Merissah Russell,0,0.0,6,27,6.4
128104,172742,10,False,1,0,2,1,1,0,0.0,1,0,0.0,2,0,0,0,,1,2,0,3,2,1,3,1,0,0.0,15:31,34,Canada,9.0,Yvonne Ejim,0,0.0,15,31,15.5
128104,266912,-2,False,1,0,1,0,1,1,1.0,2,0,0.0,3,1,0,0,,0,0,2,1,0,0,2,1,1,100.0,9:11,34,Canada,8.0,Tara Wallack,0,0.333,9,11,9.2
128104,217042,-1,False,0,0,1,0,0,0,,0,0,,0,0,0,0,,0,1,0,1,0,0,1,0,0,0.0,4:57,34,Canada,7.0,Niyah Becker,0,,4,57,5.0
128104,203119,18,True,1,0,3,3,7,4,0.571,4,1,0.25,11,5,1,1,1.0,2,2,12,5,0,1,11,2,0,0.0,27:23,34,Canada,6.0,Bridget Carleton,1,0.455,27,23,27.4
128104,188565,8,True,2,0,4,1,4,1,0.25,5,1,0.2,9,2,2,2,1.0,1,3,7,5,0,3,4,3,1,33.3,17:15,34,Canada,5.0,Kia Nurse,0,0.222,17,15,17.2
128104,188714,20,False,1,0,0,0,1,1,1.0,2,1,0.5,3,2,0,0,,0,3,5,0,1,0,6,0,0,0.0,16:28,34,Canada,4.0,Sami Hill,0,0.667,16,28,16.5
128104,196900,2,True,5,0,2,2,8,3,0.375,3,1,0.333,11,4,1,1,1.0,0,3,10,2,1,2,9,6,2,33.3,25:54,34,Canada,2.0,Shay Colley,1,0.364,25,54,25.9
128104,217051,18,False,4,0,2,2,8,6,0.75,1,0,0.0,9,6,4,4,1.0,1,1,16,3,3,0,23,6,5,83.3,21:36,34,Canada,1.0,Shaina Pellington,1,0.667,21,36,21.6
128105,205418,-15,False,0,0,0,0,0,0,,1,1,1.0,1,1,0,0,,0,0,3,0,0,0,3,0,0,0.0,3:52,16,Australia,55.0,Chloe Bibby,0,1.0,3,52,3.9
128105,181326,14,False,7,1,4,2,1,0,0.0,3,0,0.0,4,0,0,0,,0,0,0,4,0,2,6,1,0,0.0,21:28,16,Australia,44.0,Alex Wilson,0,0.0,21,28,21.5
128105,191935,10,True,0,0,4,1,3,2,0.667,7,4,0.571,10,6,1,1,1.0,1,1,17,5,2,3,17,3,2,66.7,24:34,16,Australia,32.0,Sami Whitcomb,1,0.6,24,34,24.6
128105,236147,2,False,2,2,1,3,4,3,0.75,1,0,0.0,5,3,2,1,0.5,1,4,7,2,0,0,10,4,3,75.0,15:33,16,Australia,23.0,Alexandra Fowler,0,0.6,15,33,15.6
128105,229038,-8,False,1,0,3,0,9,5,0.556,0,0,,9,5,0,0,,4,0,10,7,0,1,13,9,5,55.6,14:10,16,Australia,22.0,Zitina Aokuso,1,0.556,14,10,14.2
128105,271348,-1,False,1,1,3,2,7,3,0.429,1,0,0.0,8,3,3,2,0.667,0,2,8,3,0,2,5,7,3,42.9,16:49,16,Australia,20.0,Isobel Borlase,0,0.375,16,49,16.8
128105,151395,1,False,0,0,2,0,1,0,0.0,1,0,0.0,2,0,0,0,,0,1,0,2,0,1,-1,1,0,0.0,4:50,16,Australia,15.0,Cayla George,0,0.0,4,50,4.8
128105,216865,14,True,4,0,1,1,8,5,0.625,4,1,0.25,12,6,2,1,0.5,3,1,14,4,0,1,14,8,5,62.5,22:53,16,Australia,13.0,Ezi Magbegor,1,0.5,22,53,22.9
128105,252289,2,False,0,0,0,3,0,0,,1,0,0.0,1,0,0,0,,0,2,0,0,1,1,-1,0,0,0.0,9:52,16,Australia,12.0,Stephanie Reid,0,0.0,9,52,9.9
128105,194496,11,True,1,3,7,3,8,4,0.5,2,1,0.5,10,5,2,1,0.5,2,2,12,9,1,0,20,8,4,50.0,28:33,16,Australia,11.0,Alanna Smith,1,0.5,28,33,28.6
128105,176788,23,True,3,1,7,2,0,0,,3,2,0.667,3,2,2,1,0.5,1,2,7,8,1,2,16,0,0,0.0,22:16,16,Australia,6.0,Steph Talbot,0,0.667,22,16,22.3
128105,239719,-3,True,3,0,0,2,1,0,0.0,3,1,0.333,4,1,2,0,0.0,0,2,3,0,0,0,1,0,0,0.0,15:10,16,Australia,2.0,Jade Melbourne,0,0.25,15,10,15.2
128105,259435,-5,False,0,0,2,2,2,1,0.5,1,0,0.0,3,1,0,0,,0,3,2,2,1,2,1,2,1,50.0,15:18,85,Japan,75.0,Nanako Todo,0,0.333,15,18,15.3
128105,181762,-30,False,1,0,1,2,2,0,0.0,3,1,0.333,5,1,0,0,,0,2,3,1,1,0,2,2,0,0.0,20:40,85,Japan,52.0,Yuki Miyazawa,0,0.2,20,40,20.7
128105,323304,-9,False,0,0,0,0,0,0,,1,0,0.0,1,0,0,0,,1,4,0,1,1,0,1,0,0,0.0,7:3,85,Japan,37.0,Minami Yabu,0,0.0,7,3,7.0
128105,240137,8,True,2,0,1,0,4,2,0.5,8,4,0.5,12,6,0,0,,0,2,16,1,3,0,16,3,2,66.7,23:11,85,Japan,31.0,Aika Hirashita,1,0.5,23,11,23.2
128105,318293,-7,True,3,0,1,4,6,1,0.167,3,3,1.0,9,4,6,6,1.0,0,2,17,1,0,0,16,5,1,20.0,19:30,85,Japan,26.0,Kokoro Tanaka,1,0.444,19,30,19.5
128105,218949,2,False,1,0,1,1,3,2,0.667,9,4,0.444,12,6,0,0,,0,2,16,1,0,3,9,2,1,50.0,18:46,85,Japan,23.0,Mai Yamamoto,1,0.5,18,46,18.8
128105,324737,-3,False,0,0,0,1,2,1,0.5,1,0,0.0,3,1,2,1,0.5,1,1,3,1,0,0,1,2,1,50.0,9:4,85,Japan,14.0,Azusa Asahina,0,0.333,9,4,9.1
128105,189546,-7,True,10,0,6,0,1,0,0.0,2,0,0.0,3,0,0,0,,0,0,0,6,0,2,11,1,0,0.0,24:4,85,Japan,13.0,Rui Machida,0,0.0,24,4,24.1
128105,166703,5,True,1,1,2,2,4,1,0.25,0,0,,4,1,2,1,0.5,0,0,3,2,0,1,2,3,0,0.0,20:20,85,Japan,10.0,Ramu Tokashiki,0,0.25,20,20,20.3
128105,176909,-10,True,1,0,4,5,6,3,0.5,1,0,0.0,7,3,2,2,1.0,0,2,8,4,0,1,8,4,3,75.0,19:22,85,Japan,8.0,Maki Takada,0,0.429,19,22,19.4
128105,208014,16,False,0,0,0,0,2,0,0.0,1,1,1.0,3,1,0,0,,1,0,3,1,0,0,2,0,0,0.0,12:36,85,Japan,3.0,Stephanie Mawuli,0,0.333,12,36,12.6
128105,259416,-10,False,1,0,0,0,3,0,0.0,0,0,,3,0,0,0,,0,1,0,0,0,1,-3,1,0,0.0,10:6,85,Japan,2.0,Norika Konno,0,0.0,10,6,10.1
128106,155919,8,True,1,0,2,1,1,0,0.0,0,0,,1,0,2,2,1.0,0,2,2,2,0,1,3,1,0,0.0,16:3,152,Türkiye,33.0,Esra Ural Topuz,0,0.0,16,3,16.0
128106,237754,0,False,0,0,0,0,0,0,,0,0,,0,0,0,0,,0,0,0,0,0,0,0,0,0,0.0,0:0,152,Türkiye,30.0,Melek Uzunoglu,0,,0,0,0.0
128106,203508,1,True,1,2,7,4,6,1,0.167,7,3,0.429,13,4,3,3,1.0,3,0,14,10,0,0,18,5,1,20.0,35:48,152,Türkiye,22.0,Kennedy Burke,1,0.308,35,48,35.8
128106,191628,-11,False,1,0,0,1,0,0,,1,0,0.0,1,0,2,0,0.0,1,1,0,1,0,0,-1,0,0,0.0,7:40,152,Türkiye,20.0,Sinem Atas,0,0.0,7,40,7.7
128106,226823,3,False,1,0,0,0,1,0,0.0,3,1,0.333,4,1,0,0,,0,2,3,0,0,0,1,1,0,0.0,5:49,152,Türkiye,17.0,Derin Erdogan,0,0.25,5,49,5.8
128106,219676,0,False,0,0,0,0,0,0,,0,0,,0,0,0,0,,0,0,0,0,0,0,0,0,0,0.0,0:0,152,Türkiye,12.0,Zeynep Gul,0,,0,0,0.0
128106,237757,-6,False,0,0,3,2,1,1,1.0,0,0,,1,1,2,0,0.0,2,1,2,5,1,0,6,1,1,100.0,20:29,152,Türkiye,11.0,Elif Bayram,0,1.0,20,29,20.5
128106,196247,-9,False,2,0,1,5,2,0,0.0,4,0,0.0,6,0,2,2,1.0,0,4,2,1,0,0,-1,2,0,0.0,19:50,152,Türkiye,10.0,Alperi Onar,0,0.0,19,50,19.8
128106,168017,4,False,0,0,2,2,5,1,0.2,5,3,0.6,10,4,0,0,,2,3,11,4,0,1,8,4,1,25.0,15:32,152,Türkiye,8.0,Ayse Cora Yamaner,1,0.4,15,32,15.5
128106,226825,-4,True,0,0,1,1,2,2,1.0,3,0,0.0,5,2,1,1,1.0,0,1,5,1,0,2,1,2,2,100.0,18:2,152,Türkiye,6.0,Goksen Fitik,0,0.4,18,2,18.0
128106,168020,-3,True,1,0,3,0,5,2,0.4,0,0,,5,2,0,0,,1,5,4,4,4,3,7,4,2,50.0,32:0,152,Türkiye,4.0,Olcay Cakir,0,0.4,32,0,32.0
128106,196252,-3,True,4,0,1,3,10,3,0.3,4,2,0.5,14,5,0,0,,0,3,12,1,0,2,6,4,1,25.0,28:47,152,Türkiye,2.0,Sevgi Uzun,1,0.357,28,47,28.8
128106,221606,-3,True,1,1,3,0,5,1,0.2,0,0,,5,1,0,0,,1,3,2,4,0,0,4,5,1,20.0,8:46,14,Argentina,23.0,Victoria Gauna,0,0.2,8,46,8.8
128106,159332,0,False,0,0,0,0,0,0,,0,0,,0,0,0,0,,0,0,0,0,0,0,0,0,0,0.0,0:0,14,Argentina,20.0,Macarena D'urso,0,,0,0,0.0
128106,277271,-2,True,0,0,0,1,3,0,0.0,0,0,,3,0,0,0,,1,3,0,1,0,1,-3,1,0,0.0,26:22,14,Argentina,19.0,Delfina Saravia,0,0.0,26,22,26.4
128106,214723,1,True,2,0,1,0,4,2,0.5,6,0,0.0,10,2,0,0,,2,3,4,3,0,1,0,2,1,50.0,25:54,14,Argentina,14.0,Florencia Chagas,0,0.2,25,54,25.9
128106,221605,-1,False,1,0,0,2,1,0,0.0,0,0,,1,0,0,0,,0,0,0,0,0,0,0,1,0,0.0,9:52,14,Argentina,13.0,Candela Gentinetta,0,0.0,9,52,9.9
128106,163689,8,True,6,0,8,6,6,4,0.667,4,1,0.25,10,5,6,5,0.833,1,1,16,9,1,3,23,2,1,50.0,34:11,14,Argentina,11.0,Melisa Gretter,1,0.5,34,11,34.2
128106,153423,7,True,0,0,4,6,4,2,0.5,2,1,0.5,6,3,6,5,0.833,4,4,12,8,0,2,14,4,2,50.0,25:59,14,Argentina,10.0,Agostina Burani,1,0.5,25,59,26.0
128106,200337,2,False,2,0,3,1,2,0,0.0,5,2,0.4,7,2,2,2,1.0,2,0,8,5,0,0,10,2,0,0.0,23:24,14,Argentina,9.0,Julieta Mungo,0,0.286,23,24,23.4
128106,170619,7,False,1,2,6,4,7,4,0.571,0,0,,7,4,2,1,0.5,3,2,9,9,2,2,17,7,4,57.1,31:14,14,Argentina,7.0,Diana Cabrera,0,0.571,31,14,31.2
128106,215179,0,False,0,0,0,0,0,0,,0,0,,0,0,0,0,,0,0,0,0,0,0,0,0,0,0.0,0:0,14,Argentina,6.0,Laila Raviolo,0,,0,0,0.0
128106,176450,3,False,1,0,0,0,1,0,0.0,0,0,,1,0,0,0,,0,0,0,0,0,1,-1,0,0,0.0,4:57,14,Argentina,5.0,Flor Martinez,0,0.0,4,57,5.0
128106,214715,-2,False,0,0,3,2,3,0,0.0,4,2,0.5,7,2,2,2,1.0,0,3,8,3,0,0,6,2,0,0.0,9:22,14,Argentina,4.0,Amaiquen Siciliano,0,0.286,9,22,9.4
128107,205418,8,False,0,0,0,1,1,1,1.0,1,0,0.0,2,1,0,0,,1,0,2,1,0,0,2,1,1,100.0,8:0,16,Australia,55.0,Chloe Bibby,0,0.5,8,0,8.0
128107,181326,11,True,2,0,4,2,2,1,0.5,3,1,0.333,5,2,2,1,0.5,1,2,6,5,1,3,7,0,0,0.0,21:37,16,Australia,44.0,Alex Wilson,0,0.4,21,37,21.6
128107,191935,18,True,1,0,0,2,4,2,0.5,5,2,0.4,9,4,2,2,1.0,1,2,12,1,4,2,11,4,2,50.0,22:47,16,Australia,32.0,Sami Whitcomb,1,0.444,22,47,22.8
128107,236147,-3,False,0,0,3,0,0,0,,1,0,0.0,1,0,0,0,,0,2,0,3,0,0,2,0,0,0.0,12:31,16,Australia,23.0,Alexandra Fowler,0,0.0,12,31,12.5
128107,229038,13,False,1,0,6,5,5,3,0.6,0,0,,5,3,8,7,0.875,3,1,13,9,0,1,19,5,3,60.0,19:24,16,Australia,22.0,Zitina Aokuso,1,0.6,19,24,19.4
128107,271348,-6,False,3,0,0,2,5,3,0.6,4,0,0.0,9,3,2,2,1.0,0,0,8,0,2,1,6,3,1,33.3,22:42,16,Australia,20.0,Isobel Borlase,0,0.333,22,42,22.7
128107,151395,-2,False,1,0,3,1,5,2,0.4,2,0,0.0,7,2,0,0,,1,4,4,4,2,1,5,3,2,66.7,16:18,16,Australia,15.0,Cayla George,0,0.286,16,18,16.3
128107,216865,5,True,2,0,3,2,8,3,0.375,2,2,1.0,10,5,3,2,0.667,2,3,14,5,0,0,15,8,3,37.5,17:3,16,Australia,13.0,Ezi Magbegor,1,0.5,17,3,17.0
128107,252289,1,False,2,0,1,0,0,0,,2,0,0.0,2,0,0,0,,1,3,0,2,0,1,1,0,0,0.0,9:34,16,Australia,12.0,Stephanie Reid,0,0.0,9,34,9.6
128107,194496,13,True,0,0,4,8,10,4,0.4,1,0,0.0,11,4,7,4,0.571,2,3,12,6,3,0,11,10,4,40.0,22:2,16,Australia,11.0,Alanna Smith,1,0.364,22,2,22.0
128107,176788,5,True,1,0,3,0,2,0,0.0,1,0,0.0,3,0,0,0,,0,0,0,3,0,1,0,2,0,0.0,14:1,16,Australia,6.0,Steph Talbot,0,0.0,14,1,14.0
128107,239719,2,False,2,0,0,1,1,0,0.0,1,0,0.0,2,0,0,0,,0,2,0,0,1,2,-1,1,0,0.0,14:1,16,Australia,2.0,Jade Melbourne,0,0.0,14,1,14.0
128107,301871,3,False,0,0,1,1,0,0,,1,1,1.0,1,1,0,0,,1,2,3,2,1,0,6,0,0,0.0,17:34,75,Hungary,42.0,Petra Toman,0,1.0,17,34,17.6
128107,226441,-8,False,1,0,1,1,1,0,0.0,2,2,1.0,3,2,2,1,0.5,0,4,7,1,0,2,5,1,0,0.0,14:58,75,Hungary,33.0,Panka Dul,0,0.667,14,58,15.0
128107,186040,-15,True,2,0,2,2,3,1,0.333,0,0,,3,1,0,0,,0,1,2,2,0,2,2,1,1,100.0,13:37,75,Hungary,22.0,Yvonne Turner,0,0.333,13,37,13.6
128107,211291,-6,True,1,1,2,5,2,0,0.0,2,0,0.0,4,0,4,2,0.5,0,2,2,2,1,3,-2,1,0,0.0,19:5,75,Hungary,21.0,Reka Lelik,0,0.0,19,5,19.1
128107,226454,-5,False,0,0,2,0,0,0,,3,1,0.333,3,1,0,0,,1,0,3,3,1,1,4,0,0,0.0,17:2,75,Hungary,18.0,Aliz Varga,0,0.333,17,2,17.0
128107,219323,-16,True,1,1,6,3,3,0,0.0,2,0,0.0,5,0,2,1,0.5,1,0,1,7,0,1,3,1,0,0.0,19:52,75,Hungary,14.0,Dorka Juhasz,0,0.0,19,52,19.9
128107,211298,-10,False,0,0,0,1,3,2,0.667,1,0,0.0,4,2,1,1,1.0,0,3,5,0,0,1,2,2,1,50.0,15:11,75,Hungary,13.0,Agnes Torok,0,0.5,15,11,15.2
128107,322804,-6,False,0,0,1,0,3,2,0.667,0,0,,3,2,0,0,,0,5,4,1,0,3,1,3,2,66.7,12:18,75,Hungary,11.0,Kinga Josepovits,0,0.667,12,18,12.3
128107,196468,4,False,3,0,0,0,1,1,1.0,2,1,0.5,3,2,0,0,,0,0,5,0,1,0,8,1,1,100.0,16:6,75,Hungary,10.0,Nina Aho,0,0.667,16,6,16.1
128107,196471,-4,True,1,0,2,2,1,0,0.0,7,3,0.429,8,3,0,0,,0,3,9,2,1,1,7,0,0,0.0,17:50,75,Hungary,4.0,Debora Dubei,0,0.375,17,50,17.8
128107,237943,-7,False,1,0,3,3,6,1,0.167,4,1,0.25,10,2,2,2,1.0,0,2,7,3,0,3,0,3,1,33.3,19:6,75,Hungary,3.0,Reka Dombai,0,0.2,19,6,19.1
128107,204217,5,True,0,1,5,4,4,2,0.5,2,0,0.0,6,2,6,6,1.0,2,2,10,7,0,1,13,3,2,66.7,17:21,75,Hungary,2.0,Virag Takacs-Kiss,1,0.333,17,21,17.4
128108,221606,-24,True,0,0,1,3,4,1,0.25,3,0,0.0,7,1,0,0,,2,4,2,3,1,0,0,4,1,25.0,22:59,14,Argentina,23.0,Victoria Gauna,0,0.143,22,59,23.0
128108,159332,0,False,0,0,0,0,0,0,,0,0,,0,0,0,0,,0,0,0,0,0,0,0,0,0,0.0,0:0,14,Argentina,20.0,Macarena D'urso,0,,0,0,0.0
128108,277271,-10,True,0,0,3,1,3,2,0.667,1,0,0.0,4,2,1,1,1.0,0,1,5,3,0,1,5,2,1,50.0,13:22,14,Argentina,19.0,Delfina Saravia,0,0.5,13,22,13.4
128108,214723,-26,True,1,0,0,1,7,1,0.143,5,1,0.2,12,2,0,0,,0,2,5,0,1,2,-5,4,1,25.0,21:45,14,Argentina,14.0,Florencia Chagas,0,0.167,21,45,21.8
128108,221605,-5,False,2,1,1,0,2,1,0.5,0,0,,2,1,0,0,,0,2,2,1,0,0,5,2,1,50.0,19:14,14,Argentina,13.0,Candela Gentinetta,0,0.5,19,14,19.2
128108,163689,-26,True,3,0,1,3,5,0,0.0,1,0,0.0,6,0,0,0,,2,0,0,3,1,1,0,1,0,0.0,20:8,14,Argentina,11.0,Melisa Gretter,0,0.0,20,8,20.1
128108,153423,-21,True,0,0,2,4,0,0,,2,0,0.0,2,0,4,2,0.5,0,1,2,2,0,0,0,0,0,0.0,13:57,14,Argentina,10.0,Agostina Burani,0,0.0,13,57,14.0
128108,200337,-17,False,1,0,0,2,1,0,0.0,8,4,0.5,9,4,0,0,,1,2,12,1,1,2,8,1,0,0.0,17:56,14,Argentina,9.0,Julieta Mungo,1,0.444,17,56,17.9
128108,170619,-15,False,0,0,1,1,6,1,0.167,0,0,,6,1,2,1,0.5,2,2,3,3,1,3,-2,6,1,16.7,20:25,14,Argentina,7.0,Diana Cabrera,0,0.167,20,25,20.4
128108,215179,-6,False,1,0,2,2,4,1,0.25,3,1,0.333,7,2,0,0,,0,3,5,2,3,0,6,2,1,50.0,22:11,14,Argentina,6.0,Laila Raviolo,0,0.286,22,11,22.2
128108,176450,-16,False,1,0,1,1,1,0,0.0,0,0,,1,0,2,1,0.5,0,4,1,1,1,3,-1,0,0,0.0,11:56,14,Argentina,5.0,Flor Martinez,0,0.0,11,56,11.9
128108,214715,-4,False,1,0,1,0,5,2,0.4,0,0,,5,2,0,0,,0,2,4,1,0,1,2,1,1,100.0,16:7,14,Argentina,4.0,Amaiquen Siciliano,0,0.4,16,7,16.1
128108,250669,0,False,0,0,2,1,2,2,1.0,1,1,1.0,3,3,0,0,,1,5,7,3,0,4,6,1,1,100.0,9:42,34,Canada,25.0,Faith Dut,0,1.0,9,42,9.7
128108,215167,30,True,1,1,12,3,5,4,0.8,0,0,,5,4,4,3,0.75,3,3,11,15,1,4,23,5,4,80.0,19:14,34,Canada,24.0,Aaliyah Edwards,1,0.8,19,14,19.2
128108,161433,20,True,1,0,3,4,4,3,0.75,0,0,,4,3,0,0,,2,3,6,5,0,1,10,4,3,75.0,13:58,34,Canada,14.0,Kayla Alexander,0,0.75,13,58,14.0
128108,235589,0,False,1,0,2,1,1,0,0.0,1,0,0.0,2,0,2,0,0.0,0,0,0,2,0,2,-3,0,0,0.0,13:19,34,Canada,13.0,Merissah Russell,0,0.0,13,19,13.3
128108,172742,15,False,0,1,2,1,5,1,0.2,1,1,1.0,6,2,1,1,1.0,4,1,6,6,2,0,11,2,1,50.0,20:35,34,Canada,9.0,Yvonne Ejim,0,0.333,20,35,20.6
128108,266912,6,False,1,2,4,3,3,1,0.333,4,1,0.25,7,2,2,1,0.5,2,0,6,6,0,0,9,3,1,33.3,14:24,34,Canada,8.0,Tara Wallack,0,0.286,14,24,14.4
128108,217042,5,False,1,0,2,1,1,1,1.0,3,0,0.0,4,1,0,0,,1,0,2,3,0,1,2,1,1,100.0,11:54,34,Canada,7.0,Niyah Becker,0,0.25,11,54,11.9
128108,203119,24,True,1,1,4,0,3,1,0.333,2,1,0.5,5,2,0,0,,0,1,5,4,1,1,8,1,0,0.0,23:58,34,Canada,6.0,Bridget Carleton,0,0.4,23,58,24.0
128108,188565,21,True,2,0,2,0,0,0,,5,1,0.2,5,1,0,0,,0,1,3,2,0,1,2,0,0,0.0,14:56,34,Canada,5.0,Kia Nurse,0,0.2,14,56,14.9
128108,188714,15,False,4,0,1,4,1,0,0.0,4,1,0.25,5,1,4,4,1.0,1,0,7,2,0,3,6,1,0,0.0,22:8,34,Canada,4.0,Sami Hill,0,0.2,22,8,22.1
128108,196900,21,True,5,0,1,3,4,2,0.5,2,1,0.5,6,3,6,6,1.0,0,1,13,1,1,2,15,2,2,100.0,18:8,34,Canada,2.0,Shay Colley,1,0.5,18,8,18.1
128108,217051,13,False,1,0,1,2,7,4,0.571,0,0,,7,4,2,1,0.5,1,3,9,2,0,1,7,3,3,100.0,17:44,34,Canada,1.0,Shaina Pellington,0,0.571,17,44,17.7
128109,259435,10,False,1,0,2,0,0,0,,3,1,0.333,3,1,0,0,,1,0,3,3,0,2,3,0,0,0.0,16:21,85,Japan,75.0,Nanako Todo,0,0.333,16,21,16.4
128109,181762,-4,False,1,0,3,0,1,1,1.0,7,3,0.429,8,4,1,0,0.0,1,2,11,4,0,1,10,0,0,0.0,20:31,85,Japan,52.0,Yuki Miyazawa,1,0.5,20,31,20.5
128109,323304,-1,False,0,0,0,0,1,0,0.0,0,0,,1,0,0,0,,1,2,0,1,0,0,0,1,0,0.0,5:22,85,Japan,37.0,Minami Yabu,0,0.0,5,22,5.4
128109,240137,-18,True,0,0,1,0,5,1,0.2,3,1,0.333,8,2,0,0,,0,2,5,1,1,2,-1,3,1,33.3,26:26,85,Japan,31.0,Aika Hirashita,0,0.25,26,26,26.4
128109,318293,-8,True,4,0,2,3,4,3,0.75,3,0,0.0,7,3,0,0,,0,4,6,2,0,2,6,1,1,100.0,23:42,85,Japan,26.0,Kokoro Tanaka,0,0.429,23,42,23.7
128109,218949,0,False,3,0,2,4,6,3,0.5,6,4,0.667,12,7,0,0,,0,1,18,2,0,2,16,6,3,50.0,21:15,85,Japan,23.0,Mai Yamamoto,1,0.583,21,15,21.2
128109,324737,-4,False,0,0,0,0,0,0,,0,0,,0,0,0,0,,0,0,0,0,0,0,0,0,0,0.0,0:51,85,Japan,14.0,Azusa Asahina,0,,0,51,0.8
128109,189546,-6,True,5,0,2,1,2,1,0.5,4,1,0.25,6,2,0,0,,0,0,5,2,0,0,8,0,0,0.0,24:14,85,Japan,13.0,Rui Machida,0,0.333,24,14,24.2
128109,166703,-8,True,2,2,2,4,5,3,0.6,0,0,,5,3,2,1,0.5,0,1,7,2,0,2,8,1,1,100.0,22:23,85,Japan,10.0,Ramu Tokashiki,0,0.6,22,23,22.4
128109,176909,-3,True,2,0,4,4,4,2,0.5,5,1,0.2,9,3,3,2,0.667,2,2,9,6,1,0,11,3,2,66.7,25:26,85,Japan,8.0,Maki Takada,0,0.333,25,26,25.4
128109,208014,3,False,0,1,2,1,0,0,,3,1,0.333,3,1,0,0,,0,0,3,2,1,0,5,0,0,0.0,10:49,85,Japan,3.0,Stephanie Mawuli,0,0.333,10,49,10.8
128109,259416,-1,False,0,0,2,0,0,0,,0,0,,0,0,0,0,,1,0,0,3,0,0,3,0,0,0.0,2:40,85,Japan,2.0,Norika Konno,0,,2,40,2.7
128109,155919,15,True,2,1,2,1,5,2,0.4,0,0,,5,2,2,2,1.0,1,2,6,3,0,0,9,5,2,40.0,15:54,152,Türkiye,33.0,Esra Ural Topuz,0,0.4,15,54,15.9
128109,237754,-1,False,0,0,1,0,0,0,,1,0,0.0,1,0,0,0,,0,0,0,1,0,0,0,0,0,0.0,5:12,152,Türkiye,30.0,Melek Uzunoglu,0,0.0,5,12,5.2
128109,203508,6,True,1,0,7,2,10,6,0.6,7,4,0.571,17,10,1,1,1.0,2,1,25,9,2,1,29,9,6,66.7,35:11,152,Türkiye,22.0,Kennedy Burke,1,0.588,35,11,35.2
128109,191628,0,False,0,0,2,0,0,0,,0,0,,0,0,0,0,,0,1,0,2,0,0,2,0,0,0.0,6:5,152,Türkiye,20.0,Sinem Atas,0,,6,5,6.1
128109,226823,-3,False,0,0,0,0,1,1,1.0,0,0,,1,1,0,0,,0,1,2,0,0,0,2,0,0,0.0,4:16,152,Türkiye,17.0,Derin Erdogan,0,1.0,4,16,4.3
128109,219676,-3,False,0,0,0,0,2,0,0.0,0,0,,2,0,0,0,,0,1,0,0,0,0,-2,1,0,0.0,2:47,152,Türkiye,12.0,Zeynep Gul,0,0.0,2,47,2.8
128109,237757,-5,False,0,0,3,1,0,0,,0,0,,0,0,0,0,,1,1,0,4,2,1,5,0,0,0.0,14:32,152,Türkiye,11.0,Elif Bayram,0,,14,32,14.5
128109,196247,6,False,1,0,0,1,4,2,0.5,3,1,0.333,7,3,0,0,,0,3,7,0,0,0,4,3,2,66.7,17:27,152,Türkiye,10.0,Alperi Onar,0,0.429,17,27,17.4
128109,168017,16,False,0,1,1,1,7,3,0.429,0,0,,7,3,2,1,0.5,0,4,7,1,0,1,3,7,3,42.9,19:37,152,Türkiye,8.0,Ayse Cora Yamaner,0,0.429,19,37,19.6
128109,226825,1,True,1,0,5,0,0,0,,3,1,0.333,3,1,0,0,,0,1,3,5,0,0,7,0,0,0.0,17:50,152,Türkiye,6.0,Goksen Fitik,0,0.333,17,50,17.8
128109,168020,-3,True,6,2,2,4,4,3,0.75,1,0,0.0,5,3,3,2,0.667,1,3,8,3,0,3,13,3,2,66.7,25:25,152,Türkiye,4.0,Olcay Cakir,0,0.6,25,25,25.4
128109,196252,11,True,1,1,2,4,11,5,0.455,4,1,0.25,15,6,4,4,1.0,0,0,17,2,1,1,12,6,3,50.0,35:44,152,Türkiye,2.0,Sevgi Uzun,1,0.4,35,44,35.7
128110,301871,0,False,0,0,0,0,0,0,,0,0,,0,0,0,0,,0,0,0,0,0,0,0,0,0,0.0,0:0,75,Hungary,42.0,Petra Toman,0,,0,0,0.0
128110,226441,-2,False,0,0,0,0,1,0,0.0,1,0,0.0,2,0,0,0,,0,0,0,0,1,0,-1,1,0,0.0,2:3,75,Hungary,33.0,Panka Dul,0,0.0,2,3,2.0
128110,186040,-4,False,1,0,1,1,4,0,0.0,0,0,,4,0,0,0,,0,3,0,1,1,2,-3,3,0,0.0,13:51,75,Hungary,22.0,Yvonne Turner,0,0.0,13,51,13.8
128110,211291,13,True,7,0,4,4,9,6,0.667,7,2,0.286,16,8,6,6,1.0,2,4,24,6,1,2,28,7,5,71.4,34:32,75,Hungary,21.0,Reka Lelik,1,0.5,34,32,34.5
128110,226454,0,False,0,0,1,0,3,0,0.0,2,1,0.5,5,1,0,0,,0,1,3,1,0,0,0,2,0,0.0,14:49,75,Hungary,18.0,Aliz Varga,0,0.2,14,49,14.8
128110,219323,12,True,0,2,9,7,11,5,0.455,1,1,1.0,12,6,6,4,0.667,2,2,17,11,1,4,19,9,5,55.6,32:11,75,Hungary,14.0,Dorka Juhasz,1,0.5,32,11,32.2
128110,211298,-7,True,0,0,0,0,2,1,0.5,3,0,0.0,5,1,0,0,,0,3,2,0,0,0,-2,2,1,50.0,15:42,75,Hungary,13.0,Agnes Torok,0,0.2,15,42,15.7
128110,322804,0,False,0,0,0,0,0,0,,0,0,,0,0,0,0,,0,0,0,0,0,0,0,0,0,0.0,0:0,75,Hungary,11.0,Kinga Josepovits,0,,0,0,0.0
128110,196468,4,True,5,0,1,2,3,2,0.667,4,1,0.25,7,3,2,2,1.0,1,3,9,2,0,1,11,1,0,0.0,29:7,75,Hungary,10.0,Nina Aho,0,0.429,29,7,29.1
128110,196471,14,True,1,0,1,2,3,3,1.0,0,0,,3,3,4,3,0.75,0,3,9,1,1,2,9,2,2,100.0,28:1,75,Hungary,4.0,Debora Dubei,0,1.0,28,1,28.0
128110,237943,8,False,2,0,2,0,4,2,0.5,7,5,0.714,11,7,0,0,,0,2,19,2,0,1,18,2,2,100.0,27:26,75,Hungary,3.0,Reka Dombai,1,0.636,27,26,27.4
128110,204217,17,False,3,1,9,11,4,2,0.5,0,0,,4,2,11,5,0.455,9,4,9,18,1,3,21,4,2,50.0,27:19,75,Hungary,2.0,Virag Takacs-Kiss,0,0.5,27,19,27.3
128110,221606,9,True,0,1,2,2,7,3,0.429,0,0,,7,3,2,2,1.0,0,2,8,2,0,0,7,5,3,60.0,24:10,14,Argentina,23.0,Victoria Gauna,0,0.429,24,10,24.2
128110,159332,0,False,0,0,0,0,0,0,,0,0,,0,0,0,0,,0,0,0,0,0,0,0,0,0,0.0,0:0,14,Argentina,20.0,Macarena D'urso,0,,0,0,0.0
128110,277271,-9,True,0,0,1,2,1,0,0.0,1,0,0.0,2,0,0,0,,0,3,0,1,0,1,-2,0,0,0.0,22:49,14,Argentina,19.0,Delfina Saravia,0,0.0,22,49,22.8
128110,214723,-10,True,3,0,3,2,7,2,0.286,12,5,0.417,19,7,0,0,,1,5,19,4,2,1,15,6,1,16.7,39:48,14,Argentina,14.0,Florencia Chagas,1,0.368,39,48,39.8
128110,221605,-12,False,0,0,4,3,1,1,1.0,0,0,,1,1,5,3,0.6,0,1,5,4,0,3,4,1,1,100.0,13:56,14,Argentina,13.0,Candela Gentinetta,0,1.0,13,56,13.9
128110,163689,-13,True,7,0,2,8,10,5,0.5,4,2,0.5,14,7,8,8,1.0,1,1,24,3,3,2,28,6,3,50.0,38:59,14,Argentina,11.0,Melisa Gretter,1,0.5,38,59,39.0
128110,153423,-4,True,4,0,2,4,3,1,0.333,4,1,0.25,7,2,1,1,1.0,0,4,6,2,0,0,7,3,1,33.3,34:5,14,Argentina,10.0,Agostina Burani,0,0.286,34,5,34.1
128110,200337,-3,False,0,1,5,0,4,2,0.5,1,0,0.0,5,2,0,0,,0,5,4,5,0,0,7,3,2,66.7,21:14,14,Argentina,9.0,Julieta Mungo,0,0.4,21,14,21.2
128110,170619,-11,False,0,0,0,3,6,3,0.5,0,0,,6,3,1,1,1.0,1,5,7,1,1,3,3,6,3,50.0,15:30,14,Argentina,7.0,Diana Cabrera,0,0.5,15,30,15.5
128110,215179,-3,False,0,0,0,0,0,0,,1,1,1.0,1,1,0,0,,0,0,3,0,0,0,3,0,0,0.0,1:0,14,Argentina,6.0,Laila Raviolo,0,1.0,1,0,1.0
128110,176450,3,False,0,0,0,0,0,0,,0,0,,0,0,0,0,,0,0,0,0,1,0,1,0,0,0.0,7:23,14,Argentina,5.0,Flor Martinez,0,,7,23,7.4
128110,214715,-2,False,1,0,0,1,0,0,,2,1,0.5,2,1,2,2,1.0,0,1,5,0,0,1,4,0,0,0.0,6:7,14,Argentina,4.0,Amaiquen Siciliano,0,0.5,6,7,6.1
128111,155919,1,True,1,2,5,0,3,1,0.333,0,0,,3,1,0,0,,3,3,2,8,0,1,10,3,1,33.3,16:42,152,Türkiye,33.0,Esra Ural Topuz,0,0.333,16,42,16.7
128111,237754,2,False,1,0,1,0,0,0,,0,0,,0,0,0,0,,0,0,0,1,0,0,2,0,0,0.0,4:43,152,Türkiye,30.0,Melek Uzunoglu,0,,4,43,4.7
128111,203508,-2,True,0,1,5,6,9,5,0.556,5,0,0.0,14,5,8,7,0.875,0,0,17,5,2,2,13,6,5,83.3,32:42,152,Türkiye,22.0,Kennedy Burke,1,0.357,32,42,32.7
128111,191628,2,False,0,0,3,0,2,2,1.0,3,2,0.667,5,4,0,0,,0,2,10,3,1,1,12,1,1,100.0,18:12,152,Türkiye,20.0,Sinem Atas,1,0.8,18,12,18.2
128111,226823,0,False,4,0,2,1,1,1,1.0,2,0,0.0,3,1,2,2,1.0,1,2,4,3,0,4,5,0,0,0.0,16:38,152,Türkiye,17.0,Derin Erdogan,0,0.333,16,38,16.6
128111,219676,-6,False,0,0,1,0,0,0,,0,0,,0,0,0,0,,0,0,0,1,0,0,1,0,0,0.0,2:28,152,Türkiye,12.0,Zeynep Gul,0,,2,28,2.5
128111,237757,-1,False,0,0,3,5,2,1,0.5,0,0,,2,1,0,0,,0,3,2,3,1,0,5,2,1,50.0,20:14,152,Türkiye,11.0,Elif Bayram,0,0.5,20,14,20.2
128111,196247,0,False,0,0,0,0,0,0,,0,0,,0,0,0,0,,0,0,0,0,0,0,0,0,0,0.0,0:0,152,Türkiye,10.0,Alperi Onar,0,,0,0,0.0
128111,168017,-9,False,1,1,1,1,4,1,0.25,0,0,,4,1,2,1,0.5,1,3,3,2,1,0,4,3,1,33.3,14:41,152,Türkiye,8.0,Ayse Cora Yamaner,0,0.25,14,41,14.7
128111,226825,4,True,0,0,0,0,1,1,1.0,1,0,0.0,2,1,0,0,,0,3,2,0,0,1,0,1,1,100.0,15:46,152,Türkiye,6.0,Goksen Fitik,0,0.5,15,46,15.8
128111,168020,-11,True,6,0,2,5,6,5,0.833,1,0,0.0,7,5,4,4,1.0,0,1,14,2,1,5,16,4,4,100.0,26:28,152,Türkiye,4.0,Olcay Cakir,1,0.714,26,28,26.5
128111,196252,5,True,3,0,2,3,13,6,0.462,6,2,0.333,19,8,2,2,1.0,0,4,20,2,2,2,14,8,5,62.5,31:26,152,Türkiye,2.0,Sevgi Uzun,1,0.421,31,26,31.4
128111,205418,0,False,0,0,0,0,0,0,,0,0,,0,0,0,0,,0,0,0,0,0,0,0,0,0,0.0,0:0,16,Australia,55.0,Chloe Bibby,0,,0,0,0.0
128111,181326,3,True,5,0,2,4,4,2,0.5,5,2,0.4,9,4,6,4,0.667,0,0,14,2,0,4,10,3,1,33.3,31:26,16,Australia,44.0,Alex Wilson,1,0.444,31,26,31.4
128111,191935,10,True,5,0,3,2,4,1,0.25,4,2,0.5,8,3,3,3,1.0,0,3,11,3,5,2,17,3,1,33.3,33:1,16,Australia,32.0,Sami Whitcomb,1,0.375,33,1,33.0
128111,236147,-7,False,1,0,1,0,1,0,0.0,0,0,,1,0,0,0,,1,2,0,2,1,0,3,1,0,0.0,5:13,16,Australia,23.0,Alexandra Fowler,0,0.0,5,13,5.2
128111,229038,-6,True,1,0,1,2,4,2,0.5,0,0,,4,2,2,1,0.5,0,1,5,1,0,1,3,4,2,50.0,13:25,16,Australia,22.0,Zitina Aokuso,0,0.5,13,25,13.4
128111,271348,-6,False,1,0,3,2,4,1,0.25,1,0,0.0,5,1,2,2,1.0,0,2,4,3,1,3,2,4,1,25.0,16:53,16,Australia,20.0,Isobel Borlase,0,0.2,16,53,16.9
128111,151395,4,False,5,0,4,1,2,1,0.5,7,4,0.571,9,5,2,2,1.0,0,1,16,4,3,1,23,1,0,0.0,29:27,16,Australia,15.0,Cayla George,1,0.556,29,27,29.4
128111,216865,0,False,0,0,0,0,0,0,,0,0,,0,0,0,0,,0,0,0,0,0,0,0,0,0,0.0,0:0,16,Australia,13.0,Ezi Magbegor,0,,0,0,0.0
128111,252289,-3,False,0,0,0,0,0,0,,0,0,,0,0,0,0,,0,1,0,0,0,0,0,0,0,0.0,4:37,16,Australia,12.0,Stephanie Reid,0,,4,37,4.6
128111,194496,15,True,0,0,5,6,11,7,0.636,2,0,0.0,13,7,7,4,0.571,5,4,18,10,0,1,18,11,7,63.6,31:55,16,Australia,11.0,Alanna Smith,1,0.538,31,55,31.9
128111,176788,3,True,1,2,3,4,5,3,0.6,3,0,0.0,8,3,3,3,1.0,0,3,9,3,3,1,12,5,3,60.0,27:35,16,Australia,6.0,Steph Talbot,0,0.375,27,35,27.6
128111,239719,2,False,1,0,0,0,0,0,,0,0,,0,0,0,0,,0,4,0,0,1,2,0,0,0,0.0,6:29,16,Australia,2.0,Jade Melbourne,0,,6,29,6.5
128112,250669,0,False,0,0,0,0,0,0,,0,0,,0,0,0,0,,0,0,0,0,0,0,0,0,0,0.0,0:0,34,Canada,25.0,Faith Dut,0,,0,0,0.0
128112,215167,-1,True,2,0,9,9,11,8,0.727,0,0,,11,8,8,6,0.75,6,3,22,15,2,4,32,8,5,62.5,29:53,34,Canada,24.0,Aaliyah Edwards,1,0.727,29,53,29.9
128112,161433,-3,True,0,0,3,5,10,5,0.5,0,0,,10,5,2,2,1.0,5,0,12,8,1,4,12,9,5,55.6,31:53,34,Canada,14.0,Kayla Alexander,1,0.5,31,53,31.9
128112,235589,0,False,0,0,0,0,0,0,,0,0,,0,0,0,0,,0,0,0,0,0,0,0,0,0,0.0,0:0,34,Canada,13.0,Merissah Russell,0,,0,0,0.0
128112,172742,-4,False,0,1,3,0,0,0,,1,0,0.0,1,0,0,0,,1,2,0,4,0,1,3,0,0,0.0,18:14,34,Canada,9.0,Yvonne Ejim,0,0.0,18,14,18.2
128112,266912,0,False,0,0,0,0,0,0,,0,0,,0,0,0,0,,0,0,0,0,0,0,0,0,0,0.0,0:0,34,Canada,8.0,Tara Wallack,0,,0,0,0.0
128112,217042,0,False,0,0,0,0,0,0,,0,0,,0,0,0,0,,0,0,0,0,0,0,0,0,0,0.0,0:0,34,Canada,7.0,Niyah Becker,0,,0,0,0.0
128112,203119,8,True,6,2,5,3,9,2,0.222,10,1,0.1,19,3,2,2,1.0,3,0,9,8,0,1,8,2,2,100.0,35:41,34,Canada,6.0,Bridget Carleton,0,0.158,35,41,35.7
128112,188565,0,True,2,0,2,0,2,0,0.0,5,1,0.2,7,1,0,0,,0,1,3,2,0,0,1,1,0,0.0,21:13,34,Canada,5.0,Kia Nurse,0,0.143,21,13,21.2
128112,188714,-16,False,2,1,2,0,1,0,0.0,2,0,0.0,3,0,0,0,,0,2,0,2,0,1,1,1,0,0.0,23:6,34,Canada,4.0,Sami Hill,0,0.0,23,6,23.1
128112,196900,5,True,4,1,3,1,5,3,0.6,6,2,0.333,11,5,0,0,,2,4,12,5,1,1,16,3,3,100.0,27:18,34,Canada,2.0,Shay Colley,1,0.455,27,18,27.3
128112,217051,-9,False,2,0,0,0,7,2,0.286,0,0,,7,2,0,0,,0,1,4,0,1,2,0,2,1,50.0,12:42,34,Canada,1.0,Shaina Pellington,0,0.286,12,42,12.7
128112,259435,-11,True,0,0,1,2,1,0,0.0,2,0,0.0,3,0,0,0,,0,3,0,1,0,0,-2,1,0,0.0,20:22,85,Japan,75.0,Nanako Todo,0,0.0,20,22,20.4
128112,181762,4,False,3,1,5,2,1,0,0.0,4,1,0.25,5,1,2,2,1.0,1,3,5,6,1,0,12,0,0,0.0,21:22,85,Japan,52.0,Yuki Miyazawa,0,0.2,21,22,21.4
128112,323304,7,False,0,0,1,0,0,0,,1,0,0.0,1,0,0,0,,0,0,0,1,0,0,0,0,0,0.0,11:12,85,Japan,37.0,Minami Yabu,0,0.0,11,12,11.2
128112,240137,2,True,0,1,3,0,6,3,0.5,2,2,1.0,8,5,0,0,,0,1,12,3,1,1,13,4,2,50.0,31:28,85,Japan,31.0,Aika Hirashita,1,0.625,31,28,31.5
128112,318293,5,True,5,0,2,2,9,5,0.556,7,1,0.143,16,6,1,1,1.0,2,0,14,4,0,2,11,9,5,55.6,24:51,85,Japan,26.0,Kokoro Tanaka,1,0.375,24,51,24.8
128112,218949,2,False,2,0,0,4,7,3,0.429,4,2,0.5,11,5,6,4,0.667,2,0,16,2,2,1,13,4,3,75.0,19:52,85,Japan,23.0,Mai Yamamoto,1,0.455,19,52,19.9
128112,324737,7,False,0,0,0,0,0,0,,0,0,,0,0,0,0,,0,3,0,0,0,0,0,0,0,0.0,3:0,85,Japan,14.0,Azusa Asahina,0,,3,0,3.0
128112,189546,0,False,0,0,0,0,0,0,,0,0,,0,0,0,0,,0,0,0,0,0,0,0,0,0,0.0,0:0,85,Japan,13.0,Rui Machida,0,,0,0,0.0
128112,166703,-9,True,2,2,0,0,3,3,1.0,1,0,0.0,4,3,0,0,,1,3,6,1,0,0,10,2,2,100.0,14:43,85,Japan,10.0,Ramu Tokashiki,0,0.75,14,43,14.7
128112,176909,6,True,1,1,2,1,8,4,0.5,4,0,0.0,12,4,0,0,,1,1,8,3,1,1,5,6,3,50.0,28:23,85,Japan,8.0,Maki Takada,0,0.333,28,23,28.4
128112,208014,0,False,0,0,0,2,2,0,0.0,2,0,0.0,4,0,0,0,,0,1,0,0,0,1,-5,0,0,0.0,12:32,85,Japan,3.0,Stephanie Mawuli,0,0.0,12,32,12.5
128112,259416,7,False,1,0,1,0,2,1,0.5,1,1,1.0,3,2,0,0,,1,3,5,2,1,1,7,2,1,50.0,12:15,85,Japan,2.0,Norika Konno,0,0.667,12,15,12.2
128113,155919,3,True,0,0,0,0,2,2,1.0,0,0,,2,2,0,0,,2,0,4,2,0,0,6,2,2,100.0,4:45,152,Türkiye,33.0,Esra Ural Topuz,0,1.0,4,45,4.8
128113,237754,3,False,0,0,0,0,0,0,,0,0,,0,0,0,0,,0,0,0,0,0,0,0,0,0,0.0,2:53,152,Türkiye,30.0,Melek Uzunoglu,0,,2,53,2.9
128113,203508,-10,True,0,0,5,6,7,3,0.429,3,0,0.0,10,3,4,4,1.0,1,1,10,6,1,5,5,6,2,33.3,27:41,152,Türkiye,22.0,Kennedy Burke,1,0.3,27,41,27.7
128113,191628,-2,False,0,1,2,0,1,1,1.0,2,0,0.0,3,1,2,2,1.0,0,0,4,2,0,0,5,1,1,100.0,16:29,152,Türkiye,20.0,Sinem Atas,0,0.333,16,29,16.5
128113,226823,0,False,3,0,0,0,3,0,0.0,1,1,1.0,4,1,0,0,,0,0,3,0,0,0,3,2,0,0.0,8:27,152,Türkiye,17.0,Derin Erdogan,0,0.25,8,27,8.4
128113,219676,-20,False,0,0,2,1,3,2,0.667,0,0,,3,2,1,1,1.0,0,5,5,2,0,0,6,3,2,66.7,12:17,152,Türkiye,12.0,Zeynep Gul,0,0.667,12,17,12.3
128113,237757,-1,False,4,1,4,2,0,0,,0,0,,0,0,0,0,,0,3,0,4,0,1,8,0,0,0.0,26:8,152,Türkiye,11.0,Elif Bayram,0,,26,8,26.1
128113,196247,-17,False,3,0,0,1,5,2,0.4,3,2,0.667,8,4,2,2,1.0,0,2,12,0,0,4,7,4,1,25.0,24:53,152,Türkiye,10.0,Alperi Onar,1,0.5,24,53,24.9
128113,168017,-5,False,0,0,1,3,0,0,,1,1,1.0,1,1,3,3,1.0,0,2,6,1,0,0,7,0,0,0.0,9:18,152,Türkiye,8.0,Ayse Cora Yamaner,0,1.0,9,18,9.3
128113,226825,-5,True,2,0,0,1,3,2,0.667,3,2,0.667,6,4,2,1,0.5,0,2,11,0,0,1,9,2,2,100.0,19:39,152,Türkiye,6.0,Goksen Fitik,1,0.667,19,39,19.6
128113,168020,-3,True,3,1,0,0,4,2,0.5,0,0,,4,2,0,0,,2,3,4,2,1,2,7,2,2,100.0,19:0,152,Türkiye,4.0,Olcay Cakir,0,0.5,19,0,19.0
128113,196252,-18,True,1,0,2,4,8,3,0.375,4,2,0.5,12,5,4,3,0.75,0,1,15,2,2,1,11,7,3,42.9,28:31,152,Türkiye,2.0,Sevgi Uzun,1,0.417,28,31,28.5
128113,301871,0,False,0,0,0,0,0,0,,0,0,,0,0,0,0,,0,0,0,0,0,0,0,0,0,0.0,0:0,75,Hungary,42.0,Petra Toman,0,,0,0,0.0
128113,226441,4,False,0,0,0,0,0,0,,0,0,,0,0,0,0,,0,2,0,0,0,0,0,0,0,0.0,3:31,75,Hungary,33.0,Panka Dul,0,,3,31,3.5
128113,186040,-3,False,1,0,1,1,7,3,0.429,0,0,,7,3,2,2,1.0,0,0,8,1,2,2,6,4,1,25.0,15:1,75,Hungary,22.0,Yvonne Turner,0,0.429,15,1,15.0
128113,211291,8,True,8,0,6,5,9,5,0.556,0,0,,9,5,0,0,,2,1,10,8,5,1,26,7,5,71.4,31:13,75,Hungary,21.0,Reka Lelik,1,0.556,31,13,31.2
128113,226454,-4,False,0,0,1,0,2,2,1.0,0,0,,2,2,0,0,,0,2,4,1,0,0,5,0,0,0.0,9:58,75,Hungary,18.0,Aliz Varga,0,1.0,9,58,10.0
128113,219323,31,True,5,0,6,7,13,7,0.538,5,2,0.4,18,9,5,4,0.8,3,1,24,9,2,0,30,8,5,62.5,34:28,75,Hungary,14.0,Dorka Juhasz,1,0.5,34,28,34.5
128113,211298,-2,True,1,0,0,0,1,0,0.0,0,0,,1,0,0,0,,0,2,0,0,0,0,0,1,0,0.0,6:38,75,Hungary,13.0,Agnes Torok,0,0.0,6,38,6.6
128113,322804,0,False,0,0,0,0,0,0,,0,0,,0,0,0,0,,0,0,0,0,0,0,0,0,0,0.0,0:0,75,Hungary,11.0,Kinga Josepovits,0,,0,0,0.0
128113,196468,14,True,7,0,0,0,4,3,0.75,3,1,0.333,7,4,0,0,,1,4,9,1,1,1,14,4,3,75.0,24:59,75,Hungary,10.0,Nina Aho,0,0.571,24,59,25.0
128113,196471,26,True,1,0,2,0,2,2,1.0,5,4,0.8,7,6,0,0,,0,3,16,2,0,0,18,1,1,100.0,28:1,75,Hungary,4.0,Debora Dubei,1,0.857,28,1,28.0
128113,237943,-4,False,1,0,1,1,2,0,0.0,0,0,,2,0,2,1,0.5,1,2,1,2,0,1,0,2,0,0.0,17:15,75,Hungary,3.0,Reka Dombai,0,0.0,17,15,17.2
128113,204217,5,False,1,1,4,5,11,5,0.455,3,1,0.333,14,6,4,4,1.0,3,1,17,7,0,1,17,10,5,50.0,28:56,75,Hungary,2.0,Virag Takacs-Kiss,1,0.429,28,56,28.9
128114,259435,18,True,1,0,3,3,3,1,0.333,3,1,0.333,6,2,5,4,0.8,0,3,9,3,1,0,9,3,1,33.3,22:33,85,Japan,75.0,Nanako Todo,0,0.333,22,33,22.6
128114,181762,13,False,3,0,2,2,0,0,,1,1,1.0,1,1,0,0,,0,0,3,2,0,2,6,0,0,0.0,14:56,85,Japan,52.0,Yuki Miyazawa,0,1.0,14,56,14.9
128114,323304,12,False,0,0,0,0,0,0,,2,1,0.5,2,1,0,0,,0,1,3,0,2,0,4,0,0,0.0,9:52,85,Japan,37.0,Minami Yabu,0,0.5,9,52,9.9
128114,240137,26,True,2,0,3,2,1,0,0.0,7,5,0.714,8,5,2,2,1.0,2,1,17,5,0,1,20,0,0,0.0,25:54,85,Japan,31.0,Aika Hirashita,1,0.625,25,54,25.9
128114,318293,16,True,3,1,1,1,3,1,0.333,2,0,0.0,5,1,2,2,1.0,0,2,4,1,1,2,4,2,0,0.0,14:54,85,Japan,26.0,Kokoro Tanaka,0,0.2,14,54,14.9
128114,218949,32,False,8,0,3,3,2,1,0.5,4,2,0.5,6,3,3,2,0.667,0,1,10,3,1,2,16,1,1,100.0,21:55,85,Japan,23.0,Mai Yamamoto,1,0.5,21,55,21.9
128114,324737,18,False,0,0,1,2,2,1,0.5,2,1,0.5,4,2,2,2,1.0,0,3,7,1,0,2,4,2,1,50.0,15:23,85,Japan,14.0,Azusa Asahina,0,0.5,15,23,15.4
128114,189546,0,False,0,0,0,0,0,0,,0,0,,0,0,0,0,,0,0,0,0,0,0,0,0,0,0.0,0:0,85,Japan,13.0,Rui Machida,0,,0,0,0.0
128114,166703,18,True,1,0,4,7,2,1,0.5,0,0,,2,1,6,6,1.0,0,0,8,4,1,0,13,1,1,100.0,14:26,85,Japan,10.0,Ramu Tokashiki,0,0.5,14,26,14.4
128114,176909,29,True,1,0,4,0,1,1,1.0,1,0,0.0,2,1,0,0,,1,4,2,5,0,1,6,0,0,0.0,17:22,85,Japan,8.0,Maki Takada,0,0.5,17,22,17.4
128114,208014,10,False,0,0,1,1,2,2,1.0,1,1,1.0,3,3,1,1,1.0,0,2,8,1,2,0,11,1,1,100.0,17:53,85,Japan,3.0,Stephanie Mawuli,0,1.0,17,53,17.9
128114,259416,28,False,2,1,0,1,6,2,0.333,3,2,0.667,9,4,2,2,1.0,2,1,12,2,2,1,13,4,2,50.0,24:52,85,Japan,2.0,Norika Konno,1,0.444,24,52,24.9
128114,221606,-17,True,0,0,1,1,4,2,0.5,0,0,,4,2,2,2,1.0,1,1,6,2,0,2,4,3,1,33.3,11:14,14,Argentina,23.0,Victoria Gauna,0,0.5,11,14,11.2
128114,159332,0,False,0,0,0,0,0,0,,0,0,,0,0,0,0,,0,0,0,0,0,0,0,0,0,0.0,0:0,14,Argentina,20.0,Macarena D'urso,0,,0,0,0.0
128114,277271,-16,True,2,0,1,0,1,0,0.0,0,0,,1,0,0,0,,0,1,0,1,2,0,4,1,0,0.0,18:30,14,Argentina,19.0,Delfina Saravia,0,0.0,18,30,18.5
128114,214723,-30,True,1,0,1,1,2,0,0.0,4,1,0.25,6,1,0,0,,0,3,3,1,0,2,-2,2,0,0.0,24:40,14,Argentina,14.0,Florencia Chagas,0,0.167,24,40,24.7
128114,221605,-20,False,2,0,3,3,3,0,0.0,2,0,0.0,5,0,4,3,0.75,5,4,3,8,0,1,6,2,0,0.0,15:52,14,Argentina,13.0,Candela Gentinetta,0,0.0,15,52,15.9
128114,163689,-32,True,2,0,1,4,6,0,0.0,2,1,0.5,8,1,4,2,0.5,0,2,5,1,2,3,-2,3,0,0.0,34:13,14,Argentina,11.0,Melisa Gretter,0,0.125,34,13,34.2
128114,153423,-26,True,1,0,3,6,4,2,0.5,4,1,0.25,8,3,0,0,,2,3,7,5,2,1,9,3,1,33.3,26:19,14,Argentina,10.0,Agostina Burani,0,0.375,26,19,26.3
128114,200337,-20,False,0,2,1,1,0,0,,7,2,0.286,7,2,0,0,,0,1,6,1,0,0,4,0,0,0.0,19:9,14,Argentina,9.0,Julieta Mungo,0,0.286,19,9,19.2
128114,170619,-19,False,1,0,4,1,7,2,0.286,0,0,,7,2,2,0,0.0,1,1,4,5,0,2,1,6,2,33.3,20:29,14,Argentina,7.0,Diana Cabrera,0,0.286,20,29,20.5
128114,215179,-22,False,0,0,0,0,3,1,0.333,1,0,0.0,4,1,0,0,,1,0,2,1,0,2,-2,2,1,50.0,11:39,14,Argentina,6.0,Laila Raviolo,0,0.25,11,39,11.6
128114,176450,-3,False,0,0,0,0,0,0,,0,0,,0,0,0,0,,0,5,0,0,0,0,0,0,0,0.0,6:4,14,Argentina,5.0,Flor Martinez,0,,6,4,6.1
128114,214715,-15,False,1,0,0,1,1,0,0.0,1,1,1.0,2,1,0,0,,1,1,3,1,0,2,2,0,0,0.0,11:51,14,Argentina,4.0,Amaiquen Siciliano,0,0.5,11,51,11.8
128115,205418,5,False,0,0,5,2,3,2,0.667,4,1,0.25,7,3,2,1,0.5,2,0,8,7,0,0,10,2,1,50.0,22:52,16,Australia,55.0,Chloe Bibby,0,0.429,22,52,22.9
128115,181326,-3,True,3,1,0,1,1,1,1.0,3,2,0.667,4,3,0,0,,0,0,8,0,0,1,10,1,1,100.0,21:0,16,Australia,44.0,Alex Wilson,0,0.75,21,0,21.0
128115,191935,1,True,5,1,1,2,7,3,0.429,5,5,1.0,12,8,3,2,0.667,0,0,23,1,0,1,24,6,3,50.0,29:51,16,Australia,32.0,Sami Whitcomb,1,0.667,29,51,29.8
128115,236147,5,False,1,0,3,0,0,0,,0,0,,0,0,2,2,1.0,1,3,2,4,1,0,8,0,0,0.0,17:30,16,Australia,23.0,Alexandra Fowler,0,,17,30,17.5
128115,229038,7,False,0,0,4,2,4,1,0.25,0,0,,4,1,1,1,1.0,2,2,3,6,1,6,1,4,1,25.0,14:44,16,Australia,22.0,Zitina Aokuso,0,0.25,14,44,14.7
128115,271348,5,True,2,0,2,2,8,4,0.5,3,1,0.333,11,5,2,2,1.0,0,2,13,2,0,2,9,7,4,57.1,21:41,16,Australia,20.0,Isobel Borlase,1,0.455,21,41,21.7
128115,151395,-1,True,3,0,5,2,1,0,0.0,9,2,0.222,10,2,0,0,,0,3,6,5,2,1,7,1,0,0.0,22:47,16,Australia,15.0,Cayla George,0,0.2,22,47,22.8
128115,252289,3,False,1,0,0,0,2,0,0.0,1,0,0.0,3,0,0,0,,1,0,0,1,0,0,-1,2,0,0.0,2:34,16,Australia,12.0,Stephanie Reid,0,0.0,2,34,2.6
128115,194496,-1,True,3,0,5,5,6,4,0.667,4,1,0.25,10,5,2,1,0.5,3,4,12,8,2,3,16,6,4,66.7,26:59,16,Australia,11.0,Alanna Smith,1,0.5,26,59,27.0
128115,239719,9,False,3,0,1,2,2,1,0.5,2,1,0.5,4,2,4,2,0.5,1,4,7,2,0,1,7,2,1,50.0,20:2,16,Australia,2.0,Jade Melbourne,0,0.5,20,2,20.0
128115,250669,0,False,0,0,0,0,0,0,,0,0,,0,0,0,0,,0,0,0,0,0,0,0,0,0,0.0,0:0,34,Canada,25.0,Faith Dut,0,,0,0,0.0
128115,215167,10,True,0,0,3,2,9,6,0.667,0,0,,9,6,0,0,,1,4,12,4,2,1,14,5,4,80.0,27:0,34,Canada,24.0,Aaliyah Edwards,1,0.667,27,0,27.0
128115,161433,-5,True,1,1,8,3,14,11,0.786,2,1,0.5,16,12,2,1,0.5,5,2,26,13,1,0,37,9,9,100.0,33:25,34,Canada,14.0,Kayla Alexander,1,0.75,33,25,33.4
128115,235589,0,False,0,0,0,0,0,0,,0,0,,0,0,0,0,,0,0,0,0,0,0,0,0,0,0.0,0:0,34,Canada,13.0,Merissah Russell,0,,0,0,0.0
128115,172742,-12,False,2,1,2,2,0,0,,0,0,,0,0,4,2,0.5,0,1,2,2,0,1,4,0,0,0.0,17:21,34,Canada,9.0,Yvonne Ejim,0,,17,21,17.4
128115,266912,-5,False,0,0,0,1,0,0,,2,0,0.0,2,0,0,0,,0,1,0,0,0,0,-2,0,0,0.0,2:14,34,Canada,8.0,Tara Wallack,0,0.0,2,14,2.2
128115,217042,0,False,0,0,0,0,0,0,,0,0,,0,0,0,0,,0,0,0,0,0,0,0,0,0,0.0,0:0,34,Canada,7.0,Niyah Becker,0,,0,0,0.0
128115,203119,-1,True,1,0,4,3,10,6,0.6,4,1,0.25,14,7,2,2,1.0,0,4,17,4,1,1,15,3,3,100.0,38:36,34,Canada,6.0,Bridget Carleton,1,0.5,38,36,38.6
128115,188565,-2,True,0,0,2,1,2,0,0.0,4,1,0.25,6,1,0,0,,0,1,3,2,1,1,0,1,0,0.0,20:27,34,Canada,5.0,Kia Nurse,0,0.167,20,27,20.4
128115,188714,-8,False,2,1,0,1,1,0,0.0,0,0,,1,0,2,2,1.0,1,1,2,1,0,0,5,1,0,0.0,7:59,34,Canada,4.0,Sami Hill,0,0.0,7,59,8.0
128115,196900,-3,True,10,1,5,1,10,3,0.3,2,0,0.0,12,3,0,0,,1,2,6,6,1,5,10,7,3,42.9,31:38,34,Canada,2.0,Shay Colley,0,0.25,31,38,31.6
128115,217051,-4,False,3,1,0,4,10,4,0.4,1,0,0.0,11,4,2,0,0.0,1,2,8,1,2,0,6,7,3,42.9,21:20,34,Canada,1.0,Shaina Pellington,0,0.364,21,20,21.3
